timestamp,user_id,endpoint,use_case,type,jwt,label
2025-06-21T15:12:01.776Z,user001,/login,Login,AUTH,eyJhbGciOiJIUzI1NiIsInR5cCI6IkpXVCJ9.eyJ1c2VyX2lkIjoidXNlcjAwMSIsImlhdCI6MTc1MDUxODcyMTgyMywiZXhwIjoxNzUwNTE4NzI1NDIzfQ.3lFvj890niXfwIklhra_gNRJt-vbajw55SubJTt7abA,normal
2025-06-21T15:12:01.835Z,user001,/browse,ViewPage,READ,eyJhbGciOiJIUzI1NiIsInR5cCI6IkpXVCJ9.eyJ1c2VyX2lkIjoidXNlcjAwMSIsImlhdCI6MTc1MDUxODcyMTgyMywiZXhwIjoxNzUwNTE4NzI1NDIzfQ.3lFvj890niXfwIklhra_gNRJt-vbajw55SubJTt7abA,normal
2025-06-21T15:12:01.841Z,user001,/edit,EditContent,UPDATE,eyJhbGciOiJIUzI1NiIsInR5cCI6IkpXVCJ9.eyJ1c2VyX2lkIjoidXNlcjAwMSIsImlhdCI6MTc1MDUxODcyMTgyMywiZXhwIjoxNzUwNTE4NzI1NDIzfQ.3lFvj890niXfwIklhra_gNRJt-vbajw55SubJTt7abA,normal
2025-06-21T15:12:01.850Z,user001,/logout,Logout,AUTH,eyJhbGciOiJIUzI1NiIsInR5cCI6IkpXVCJ9.eyJ1c2VyX2lkIjoidXNlcjAwMSIsImlhdCI6MTc1MDUxODcyMTgyMywiZXhwIjoxNzUwNTE4NzI1NDIzfQ.3lFvj890niXfwIklhra_gNRJt-vbajw55SubJTt7abA,normal
2025-06-21T15:12:01.964Z,user002,/login,Login,AUTH,eyJhbGciOiJIUzI1NiIsInR5cCI6IkpXVCJ9.eyJ1c2VyX2lkIjoidXNlcjAwMiIsImlhdCI6MTc1MDUxODcyMTk2NiwiZXhwIjoxNzUwNTE4NzI1NTY2fQ.y-s04LO4sapd4VeELzZ-cwMxD0-73W07lHR3bBSRkvk,normal
2025-06-21T15:12:01.969Z,user002,/browse,ViewPage,READ,eyJhbGciOiJIUzI1NiIsInR5cCI6IkpXVCJ9.eyJ1c2VyX2lkIjoidXNlcjAwMiIsImlhdCI6MTc1MDUxODcyMTk2NiwiZXhwIjoxNzUwNTE4NzI1NTY2fQ.y-s04LO4sapd4VeELzZ-cwMxD0-73W07lHR3bBSRkvk,normal
2025-06-21T15:12:01.973Z,user002,/edit,EditContent,UPDATE,eyJhbGciOiJIUzI1NiIsInR5cCI6IkpXVCJ9.eyJ1c2VyX2lkIjoidXNlcjAwMiIsImlhdCI6MTc1MDUxODcyMTk2NiwiZXhwIjoxNzUwNTE4NzI1NTY2fQ.y-s04LO4sapd4VeELzZ-cwMxD0-73W07lHR3bBSRkvk,normal
2025-06-21T15:12:01.976Z,user002,/logout,Logout,AUTH,eyJhbGciOiJIUzI1NiIsInR5cCI6IkpXVCJ9.eyJ1c2VyX2lkIjoidXNlcjAwMiIsImlhdCI6MTc1MDUxODcyMTk2NiwiZXhwIjoxNzUwNTE4NzI1NTY2fQ.y-s04LO4sapd4VeELzZ-cwMxD0-73W07lHR3bBSRkvk,normal
2025-06-21T15:12:02.089Z,user003,/login,Login,AUTH,eyJhbGciOiJIUzI1NiIsInR5cCI6IkpXVCJ9.eyJ1c2VyX2lkIjoidXNlcjAwMyIsImlhdCI6MTc1MDUxODcyMjA5MiwiZXhwIjoxNzUwNTE4NzI1NjkyfQ.2zsFVTf1G6afZC7iw5zs24Z_ZqpyVkk1xHcKgCwFxc0,normal
2025-06-21T15:12:02.095Z,user003,/browse,ViewPage,READ,eyJhbGciOiJIUzI1NiIsInR5cCI6IkpXVCJ9.eyJ1c2VyX2lkIjoidXNlcjAwMyIsImlhdCI6MTc1MDUxODcyMjA5MiwiZXhwIjoxNzUwNTE4NzI1NjkyfQ.2zsFVTf1G6afZC7iw5zs24Z_ZqpyVkk1xHcKgCwFxc0,normal
2025-06-21T15:12:02.098Z,user003,/edit,EditContent,UPDATE,eyJhbGciOiJIUzI1NiIsInR5cCI6IkpXVCJ9.eyJ1c2VyX2lkIjoidXNlcjAwMyIsImlhdCI6MTc1MDUxODcyMjA5MiwiZXhwIjoxNzUwNTE4NzI1NjkyfQ.2zsFVTf1G6afZC7iw5zs24Z_ZqpyVkk1xHcKgCwFxc0,normal
2025-06-21T15:12:02.102Z,user003,/logout,Logout,AUTH,eyJhbGciOiJIUzI1NiIsInR5cCI6IkpXVCJ9.eyJ1c2VyX2lkIjoidXNlcjAwMyIsImlhdCI6MTc1MDUxODcyMjA5MiwiZXhwIjoxNzUwNTE4NzI1NjkyfQ.2zsFVTf1G6afZC7iw5zs24Z_ZqpyVkk1xHcKgCwFxc0,normal
2025-06-21T15:12:02.214Z,user004,/login,Login,AUTH,eyJhbGciOiJIUzI1NiIsInR5cCI6IkpXVCJ9.eyJ1c2VyX2lkIjoidXNlcjAwNCIsImlhdCI6MTc1MDUxODcyMjIxNiwiZXhwIjoxNzUwNTE4NzI1ODE2fQ.PQ0vmw7TrnDMQxYV6BcXcBTYGhFOEKo5KwNEBNtwUBg,normal
2025-06-21T15:12:02.219Z,user004,/browse,ViewPage,READ,eyJhbGciOiJIUzI1NiIsInR5cCI6IkpXVCJ9.eyJ1c2VyX2lkIjoidXNlcjAwNCIsImlhdCI6MTc1MDUxODcyMjIxNiwiZXhwIjoxNzUwNTE4NzI1ODE2fQ.PQ0vmw7TrnDMQxYV6BcXcBTYGhFOEKo5KwNEBNtwUBg,normal
2025-06-21T15:12:02.223Z,user004,/edit,EditContent,UPDATE,eyJhbGciOiJIUzI1NiIsInR5cCI6IkpXVCJ9.eyJ1c2VyX2lkIjoidXNlcjAwNCIsImlhdCI6MTc1MDUxODcyMjIxNiwiZXhwIjoxNzUwNTE4NzI1ODE2fQ.PQ0vmw7TrnDMQxYV6BcXcBTYGhFOEKo5KwNEBNtwUBg,normal
2025-06-21T15:12:02.226Z,user004,/logout,Logout,AUTH,eyJhbGciOiJIUzI1NiIsInR5cCI6IkpXVCJ9.eyJ1c2VyX2lkIjoidXNlcjAwNCIsImlhdCI6MTc1MDUxODcyMjIxNiwiZXhwIjoxNzUwNTE4NzI1ODE2fQ.PQ0vmw7TrnDMQxYV6BcXcBTYGhFOEKo5KwNEBNtwUBg,normal
2025-06-21T15:12:02.340Z,user005,/login,Login,AUTH,eyJhbGciOiJIUzI1NiIsInR5cCI6IkpXVCJ9.eyJ1c2VyX2lkIjoidXNlcjAwNSIsImlhdCI6MTc1MDUxODcyMjM0MiwiZXhwIjoxNzUwNTE4NzI1OTQyfQ.eD15n8uX6C4tm47keZBaQ7Rp6FU2x9zuDCaXDtBOOxM,normal
2025-06-21T15:12:02.344Z,user005,/browse,ViewPage,READ,eyJhbGciOiJIUzI1NiIsInR5cCI6IkpXVCJ9.eyJ1c2VyX2lkIjoidXNlcjAwNSIsImlhdCI6MTc1MDUxODcyMjM0MiwiZXhwIjoxNzUwNTE4NzI1OTQyfQ.eD15n8uX6C4tm47keZBaQ7Rp6FU2x9zuDCaXDtBOOxM,normal
2025-06-21T15:12:02.348Z,user005,/edit,EditContent,UPDATE,eyJhbGciOiJIUzI1NiIsInR5cCI6IkpXVCJ9.eyJ1c2VyX2lkIjoidXNlcjAwNSIsImlhdCI6MTc1MDUxODcyMjM0MiwiZXhwIjoxNzUwNTE4NzI1OTQyfQ.eD15n8uX6C4tm47keZBaQ7Rp6FU2x9zuDCaXDtBOOxM,normal
2025-06-21T15:12:02.351Z,user005,/logout,Logout,AUTH,eyJhbGciOiJIUzI1NiIsInR5cCI6IkpXVCJ9.eyJ1c2VyX2lkIjoidXNlcjAwNSIsImlhdCI6MTc1MDUxODcyMjM0MiwiZXhwIjoxNzUwNTE4NzI1OTQyfQ.eD15n8uX6C4tm47keZBaQ7Rp6FU2x9zuDCaXDtBOOxM,normal
2025-06-21T15:12:02.467Z,user006,/login,Login,AUTH,eyJhbGciOiJIUzI1NiIsInR5cCI6IkpXVCJ9.eyJ1c2VyX2lkIjoidXNlcjAwNiIsImlhdCI6MTc1MDUxODcyMjQ2OSwiZXhwIjoxNzUwNTE4NzI2MDY5fQ.rLp0x3C5Pp6EZOSWU0bFTE1lH5gmn6tDrnJctij4rU4,normal
2025-06-21T15:12:02.471Z,user006,/browse,ViewPage,READ,eyJhbGciOiJIUzI1NiIsInR5cCI6IkpXVCJ9.eyJ1c2VyX2lkIjoidXNlcjAwNiIsImlhdCI6MTc1MDUxODcyMjQ2OSwiZXhwIjoxNzUwNTE4NzI2MDY5fQ.rLp0x3C5Pp6EZOSWU0bFTE1lH5gmn6tDrnJctij4rU4,normal
2025-06-21T15:12:02.475Z,user006,/edit,EditContent,UPDATE,eyJhbGciOiJIUzI1NiIsInR5cCI6IkpXVCJ9.eyJ1c2VyX2lkIjoidXNlcjAwNiIsImlhdCI6MTc1MDUxODcyMjQ2OSwiZXhwIjoxNzUwNTE4NzI2MDY5fQ.rLp0x3C5Pp6EZOSWU0bFTE1lH5gmn6tDrnJctij4rU4,normal
2025-06-21T15:12:02.478Z,user006,/logout,Logout,AUTH,eyJhbGciOiJIUzI1NiIsInR5cCI6IkpXVCJ9.eyJ1c2VyX2lkIjoidXNlcjAwNiIsImlhdCI6MTc1MDUxODcyMjQ2OSwiZXhwIjoxNzUwNTE4NzI2MDY5fQ.rLp0x3C5Pp6EZOSWU0bFTE1lH5gmn6tDrnJctij4rU4,normal
2025-06-21T15:12:02.593Z,user007,/login,Login,AUTH,eyJhbGciOiJIUzI1NiIsInR5cCI6IkpXVCJ9.eyJ1c2VyX2lkIjoidXNlcjAwNyIsImlhdCI6MTc1MDUxODcyMjU5NSwiZXhwIjoxNzUwNTE4NzI2MTk1fQ.PFlyrm8EwUQijN52LUhItW1tfHPpfn2RDEf1GHBgXjk,normal
2025-06-21T15:12:02.598Z,user007,/browse,ViewPage,READ,eyJhbGciOiJIUzI1NiIsInR5cCI6IkpXVCJ9.eyJ1c2VyX2lkIjoidXNlcjAwNyIsImlhdCI6MTc1MDUxODcyMjU5NSwiZXhwIjoxNzUwNTE4NzI2MTk1fQ.PFlyrm8EwUQijN52LUhItW1tfHPpfn2RDEf1GHBgXjk,normal
2025-06-21T15:12:02.601Z,user007,/edit,EditContent,UPDATE,eyJhbGciOiJIUzI1NiIsInR5cCI6IkpXVCJ9.eyJ1c2VyX2lkIjoidXNlcjAwNyIsImlhdCI6MTc1MDUxODcyMjU5NSwiZXhwIjoxNzUwNTE4NzI2MTk1fQ.PFlyrm8EwUQijN52LUhItW1tfHPpfn2RDEf1GHBgXjk,normal
2025-06-21T15:12:02.604Z,user007,/logout,Logout,AUTH,eyJhbGciOiJIUzI1NiIsInR5cCI6IkpXVCJ9.eyJ1c2VyX2lkIjoidXNlcjAwNyIsImlhdCI6MTc1MDUxODcyMjU5NSwiZXhwIjoxNzUwNTE4NzI2MTk1fQ.PFlyrm8EwUQijN52LUhItW1tfHPpfn2RDEf1GHBgXjk,normal
2025-06-21T15:12:02.719Z,user008,/login,Login,AUTH,eyJhbGciOiJIUzI1NiIsInR5cCI6IkpXVCJ9.eyJ1c2VyX2lkIjoidXNlcjAwOCIsImlhdCI6MTc1MDUxODcyMjcyMSwiZXhwIjoxNzUwNTE4NzI2MzIxfQ.WRDkxV-yARTa7sZ6hJuKyuzy_Nt_1gtzugjkrmyU9P0,normal
2025-06-21T15:12:02.723Z,user008,/browse,ViewPage,READ,eyJhbGciOiJIUzI1NiIsInR5cCI6IkpXVCJ9.eyJ1c2VyX2lkIjoidXNlcjAwOCIsImlhdCI6MTc1MDUxODcyMjcyMSwiZXhwIjoxNzUwNTE4NzI2MzIxfQ.WRDkxV-yARTa7sZ6hJuKyuzy_Nt_1gtzugjkrmyU9P0,normal
2025-06-21T15:12:02.726Z,user008,/edit,EditContent,UPDATE,eyJhbGciOiJIUzI1NiIsInR5cCI6IkpXVCJ9.eyJ1c2VyX2lkIjoidXNlcjAwOCIsImlhdCI6MTc1MDUxODcyMjcyMSwiZXhwIjoxNzUwNTE4NzI2MzIxfQ.WRDkxV-yARTa7sZ6hJuKyuzy_Nt_1gtzugjkrmyU9P0,normal
2025-06-21T15:12:02.729Z,user008,/logout,Logout,AUTH,eyJhbGciOiJIUzI1NiIsInR5cCI6IkpXVCJ9.eyJ1c2VyX2lkIjoidXNlcjAwOCIsImlhdCI6MTc1MDUxODcyMjcyMSwiZXhwIjoxNzUwNTE4NzI2MzIxfQ.WRDkxV-yARTa7sZ6hJuKyuzy_Nt_1gtzugjkrmyU9P0,normal
2025-06-21T15:12:02.845Z,user009,/login,Login,AUTH,eyJhbGciOiJIUzI1NiIsInR5cCI6IkpXVCJ9.eyJ1c2VyX2lkIjoidXNlcjAwOSIsImlhdCI6MTc1MDUxODcyMjg0NywiZXhwIjoxNzUwNTE4NzI2NDQ3fQ.by9RL_3WuE5bnhy6L6W2T8lSI_Iejx362xo8LBRXtfc,normal
2025-06-21T15:12:02.849Z,user009,/browse,ViewPage,READ,eyJhbGciOiJIUzI1NiIsInR5cCI6IkpXVCJ9.eyJ1c2VyX2lkIjoidXNlcjAwOSIsImlhdCI6MTc1MDUxODcyMjg0NywiZXhwIjoxNzUwNTE4NzI2NDQ3fQ.by9RL_3WuE5bnhy6L6W2T8lSI_Iejx362xo8LBRXtfc,normal
2025-06-21T15:12:02.853Z,user009,/edit,EditContent,UPDATE,eyJhbGciOiJIUzI1NiIsInR5cCI6IkpXVCJ9.eyJ1c2VyX2lkIjoidXNlcjAwOSIsImlhdCI6MTc1MDUxODcyMjg0NywiZXhwIjoxNzUwNTE4NzI2NDQ3fQ.by9RL_3WuE5bnhy6L6W2T8lSI_Iejx362xo8LBRXtfc,normal
2025-06-21T15:12:02.856Z,user009,/logout,Logout,AUTH,eyJhbGciOiJIUzI1NiIsInR5cCI6IkpXVCJ9.eyJ1c2VyX2lkIjoidXNlcjAwOSIsImlhdCI6MTc1MDUxODcyMjg0NywiZXhwIjoxNzUwNTE4NzI2NDQ3fQ.by9RL_3WuE5bnhy6L6W2T8lSI_Iejx362xo8LBRXtfc,normal
2025-06-21T15:12:02.971Z,user010,/login,Login,AUTH,eyJhbGciOiJIUzI1NiIsInR5cCI6IkpXVCJ9.eyJ1c2VyX2lkIjoidXNlcjAxMCIsImlhdCI6MTc1MDUxODcyMjk3MywiZXhwIjoxNzUwNTE4NzI2NTczfQ.SNp8BzMetAkm-q3gnK_HKcDYDZYR16o7PzXh9-iQBb4,normal
2025-06-21T15:12:02.975Z,user010,/browse,ViewPage,READ,eyJhbGciOiJIUzI1NiIsInR5cCI6IkpXVCJ9.eyJ1c2VyX2lkIjoidXNlcjAxMCIsImlhdCI6MTc1MDUxODcyMjk3MywiZXhwIjoxNzUwNTE4NzI2NTczfQ.SNp8BzMetAkm-q3gnK_HKcDYDZYR16o7PzXh9-iQBb4,normal
2025-06-21T15:12:02.978Z,user010,/edit,EditContent,UPDATE,eyJhbGciOiJIUzI1NiIsInR5cCI6IkpXVCJ9.eyJ1c2VyX2lkIjoidXNlcjAxMCIsImlhdCI6MTc1MDUxODcyMjk3MywiZXhwIjoxNzUwNTE4NzI2NTczfQ.SNp8BzMetAkm-q3gnK_HKcDYDZYR16o7PzXh9-iQBb4,normal
2025-06-21T15:12:02.981Z,user010,/logout,Logout,AUTH,eyJhbGciOiJIUzI1NiIsInR5cCI6IkpXVCJ9.eyJ1c2VyX2lkIjoidXNlcjAxMCIsImlhdCI6MTc1MDUxODcyMjk3MywiZXhwIjoxNzUwNTE4NzI2NTczfQ.SNp8BzMetAkm-q3gnK_HKcDYDZYR16o7PzXh9-iQBb4,normal
2025-06-21T15:12:03.097Z,user011,/login,Login,AUTH,eyJhbGciOiJIUzI1NiIsInR5cCI6IkpXVCJ9.eyJ1c2VyX2lkIjoidXNlcjAxMSIsImlhdCI6MTc1MDUxODcyMzA5OSwiZXhwIjoxNzUwNTE4NzI2Njk5fQ.5dREhIxI2RLKoX91nZwtXadGV_KpgivNf4dvS3Ornmw,normal
2025-06-21T15:12:03.101Z,user011,/browse,ViewPage,READ,eyJhbGciOiJIUzI1NiIsInR5cCI6IkpXVCJ9.eyJ1c2VyX2lkIjoidXNlcjAxMSIsImlhdCI6MTc1MDUxODcyMzA5OSwiZXhwIjoxNzUwNTE4NzI2Njk5fQ.5dREhIxI2RLKoX91nZwtXadGV_KpgivNf4dvS3Ornmw,normal
2025-06-21T15:12:03.104Z,user011,/edit,EditContent,UPDATE,eyJhbGciOiJIUzI1NiIsInR5cCI6IkpXVCJ9.eyJ1c2VyX2lkIjoidXNlcjAxMSIsImlhdCI6MTc1MDUxODcyMzA5OSwiZXhwIjoxNzUwNTE4NzI2Njk5fQ.5dREhIxI2RLKoX91nZwtXadGV_KpgivNf4dvS3Ornmw,normal
2025-06-21T15:12:03.107Z,user011,/logout,Logout,AUTH,eyJhbGciOiJIUzI1NiIsInR5cCI6IkpXVCJ9.eyJ1c2VyX2lkIjoidXNlcjAxMSIsImlhdCI6MTc1MDUxODcyMzA5OSwiZXhwIjoxNzUwNTE4NzI2Njk5fQ.5dREhIxI2RLKoX91nZwtXadGV_KpgivNf4dvS3Ornmw,normal
2025-06-21T15:12:03.223Z,user012,/login,Login,AUTH,eyJhbGciOiJIUzI1NiIsInR5cCI6IkpXVCJ9.eyJ1c2VyX2lkIjoidXNlcjAxMiIsImlhdCI6MTc1MDUxODcyMzIyNSwiZXhwIjoxNzUwNTE4NzI2ODI1fQ.ZgxLi7oBDuJGgMfnIdEdMjdMASLE0IZ1U43F30fntB8,normal
2025-06-21T15:12:03.227Z,user012,/browse,ViewPage,READ,eyJhbGciOiJIUzI1NiIsInR5cCI6IkpXVCJ9.eyJ1c2VyX2lkIjoidXNlcjAxMiIsImlhdCI6MTc1MDUxODcyMzIyNSwiZXhwIjoxNzUwNTE4NzI2ODI1fQ.ZgxLi7oBDuJGgMfnIdEdMjdMASLE0IZ1U43F30fntB8,normal
2025-06-21T15:12:03.230Z,user012,/edit,EditContent,UPDATE,eyJhbGciOiJIUzI1NiIsInR5cCI6IkpXVCJ9.eyJ1c2VyX2lkIjoidXNlcjAxMiIsImlhdCI6MTc1MDUxODcyMzIyNSwiZXhwIjoxNzUwNTE4NzI2ODI1fQ.ZgxLi7oBDuJGgMfnIdEdMjdMASLE0IZ1U43F30fntB8,normal
2025-06-21T15:12:03.233Z,user012,/logout,Logout,AUTH,eyJhbGciOiJIUzI1NiIsInR5cCI6IkpXVCJ9.eyJ1c2VyX2lkIjoidXNlcjAxMiIsImlhdCI6MTc1MDUxODcyMzIyNSwiZXhwIjoxNzUwNTE4NzI2ODI1fQ.ZgxLi7oBDuJGgMfnIdEdMjdMASLE0IZ1U43F30fntB8,normal
2025-06-21T15:12:03.348Z,user013,/login,Login,AUTH,eyJhbGciOiJIUzI1NiIsInR5cCI6IkpXVCJ9.eyJ1c2VyX2lkIjoidXNlcjAxMyIsImlhdCI6MTc1MDUxODcyMzM0OSwiZXhwIjoxNzUwNTE4NzI2OTQ5fQ.AeWODJABahbEyMT9jGBD-yeJVrlTlzKDGJLLUA53LKM,normal
2025-06-21T15:12:03.351Z,user013,/browse,ViewPage,READ,eyJhbGciOiJIUzI1NiIsInR5cCI6IkpXVCJ9.eyJ1c2VyX2lkIjoidXNlcjAxMyIsImlhdCI6MTc1MDUxODcyMzM0OSwiZXhwIjoxNzUwNTE4NzI2OTQ5fQ.AeWODJABahbEyMT9jGBD-yeJVrlTlzKDGJLLUA53LKM,normal
2025-06-21T15:12:03.355Z,user013,/edit,EditContent,UPDATE,eyJhbGciOiJIUzI1NiIsInR5cCI6IkpXVCJ9.eyJ1c2VyX2lkIjoidXNlcjAxMyIsImlhdCI6MTc1MDUxODcyMzM0OSwiZXhwIjoxNzUwNTE4NzI2OTQ5fQ.AeWODJABahbEyMT9jGBD-yeJVrlTlzKDGJLLUA53LKM,normal
2025-06-21T15:12:03.358Z,user013,/logout,Logout,AUTH,eyJhbGciOiJIUzI1NiIsInR5cCI6IkpXVCJ9.eyJ1c2VyX2lkIjoidXNlcjAxMyIsImlhdCI6MTc1MDUxODcyMzM0OSwiZXhwIjoxNzUwNTE4NzI2OTQ5fQ.AeWODJABahbEyMT9jGBD-yeJVrlTlzKDGJLLUA53LKM,normal
2025-06-21T15:12:03.474Z,user014,/login,Login,AUTH,eyJhbGciOiJIUzI1NiIsInR5cCI6IkpXVCJ9.eyJ1c2VyX2lkIjoidXNlcjAxNCIsImlhdCI6MTc1MDUxODcyMzQ3NiwiZXhwIjoxNzUwNTE4NzI3MDc2fQ.J6vQGbQ7wiqXjHiOW9uBfYnHY1dGXBnf6eL2H5x4dOw,normal
2025-06-21T15:12:03.478Z,user014,/browse,ViewPage,READ,eyJhbGciOiJIUzI1NiIsInR5cCI6IkpXVCJ9.eyJ1c2VyX2lkIjoidXNlcjAxNCIsImlhdCI6MTc1MDUxODcyMzQ3NiwiZXhwIjoxNzUwNTE4NzI3MDc2fQ.J6vQGbQ7wiqXjHiOW9uBfYnHY1dGXBnf6eL2H5x4dOw,normal
2025-06-21T15:12:03.481Z,user014,/edit,EditContent,UPDATE,eyJhbGciOiJIUzI1NiIsInR5cCI6IkpXVCJ9.eyJ1c2VyX2lkIjoidXNlcjAxNCIsImlhdCI6MTc1MDUxODcyMzQ3NiwiZXhwIjoxNzUwNTE4NzI3MDc2fQ.J6vQGbQ7wiqXjHiOW9uBfYnHY1dGXBnf6eL2H5x4dOw,normal
2025-06-21T15:12:03.484Z,user014,/logout,Logout,AUTH,eyJhbGciOiJIUzI1NiIsInR5cCI6IkpXVCJ9.eyJ1c2VyX2lkIjoidXNlcjAxNCIsImlhdCI6MTc1MDUxODcyMzQ3NiwiZXhwIjoxNzUwNTE4NzI3MDc2fQ.J6vQGbQ7wiqXjHiOW9uBfYnHY1dGXBnf6eL2H5x4dOw,normal
2025-06-21T15:12:03.600Z,user015,/login,Login,AUTH,eyJhbGciOiJIUzI1NiIsInR5cCI6IkpXVCJ9.eyJ1c2VyX2lkIjoidXNlcjAxNSIsImlhdCI6MTc1MDUxODcyMzYwMiwiZXhwIjoxNzUwNTE4NzI3MjAyfQ.jWZ2fQ_ZI7O1jBpvr1lwllOgE9xzobzvc_wACKm9u6g,normal
2025-06-21T15:12:03.605Z,user015,/browse,ViewPage,READ,eyJhbGciOiJIUzI1NiIsInR5cCI6IkpXVCJ9.eyJ1c2VyX2lkIjoidXNlcjAxNSIsImlhdCI6MTc1MDUxODcyMzYwMiwiZXhwIjoxNzUwNTE4NzI3MjAyfQ.jWZ2fQ_ZI7O1jBpvr1lwllOgE9xzobzvc_wACKm9u6g,normal
2025-06-21T15:12:03.608Z,user015,/edit,EditContent,UPDATE,eyJhbGciOiJIUzI1NiIsInR5cCI6IkpXVCJ9.eyJ1c2VyX2lkIjoidXNlcjAxNSIsImlhdCI6MTc1MDUxODcyMzYwMiwiZXhwIjoxNzUwNTE4NzI3MjAyfQ.jWZ2fQ_ZI7O1jBpvr1lwllOgE9xzobzvc_wACKm9u6g,normal
2025-06-21T15:12:03.611Z,user015,/logout,Logout,AUTH,eyJhbGciOiJIUzI1NiIsInR5cCI6IkpXVCJ9.eyJ1c2VyX2lkIjoidXNlcjAxNSIsImlhdCI6MTc1MDUxODcyMzYwMiwiZXhwIjoxNzUwNTE4NzI3MjAyfQ.jWZ2fQ_ZI7O1jBpvr1lwllOgE9xzobzvc_wACKm9u6g,normal
2025-06-21T15:12:03.726Z,user016,/login,Login,AUTH,eyJhbGciOiJIUzI1NiIsInR5cCI6IkpXVCJ9.eyJ1c2VyX2lkIjoidXNlcjAxNiIsImlhdCI6MTc1MDUxODcyMzcyOCwiZXhwIjoxNzUwNTE4NzI3MzI4fQ.CjZ9NHWclvsPh_q3uWclweVfHrqVhiFVIeZol_bMX24,normal
2025-06-21T15:12:03.731Z,user016,/browse,ViewPage,READ,eyJhbGciOiJIUzI1NiIsInR5cCI6IkpXVCJ9.eyJ1c2VyX2lkIjoidXNlcjAxNiIsImlhdCI6MTc1MDUxODcyMzcyOCwiZXhwIjoxNzUwNTE4NzI3MzI4fQ.CjZ9NHWclvsPh_q3uWclweVfHrqVhiFVIeZol_bMX24,normal
2025-06-21T15:12:03.733Z,user016,/edit,EditContent,UPDATE,eyJhbGciOiJIUzI1NiIsInR5cCI6IkpXVCJ9.eyJ1c2VyX2lkIjoidXNlcjAxNiIsImlhdCI6MTc1MDUxODcyMzcyOCwiZXhwIjoxNzUwNTE4NzI3MzI4fQ.CjZ9NHWclvsPh_q3uWclweVfHrqVhiFVIeZol_bMX24,normal
2025-06-21T15:12:03.737Z,user016,/logout,Logout,AUTH,eyJhbGciOiJIUzI1NiIsInR5cCI6IkpXVCJ9.eyJ1c2VyX2lkIjoidXNlcjAxNiIsImlhdCI6MTc1MDUxODcyMzcyOCwiZXhwIjoxNzUwNTE4NzI3MzI4fQ.CjZ9NHWclvsPh_q3uWclweVfHrqVhiFVIeZol_bMX24,normal
2025-06-21T15:12:03.853Z,user017,/login,Login,AUTH,eyJhbGciOiJIUzI1NiIsInR5cCI6IkpXVCJ9.eyJ1c2VyX2lkIjoidXNlcjAxNyIsImlhdCI6MTc1MDUxODcyMzg1NCwiZXhwIjoxNzUwNTE4NzI3NDU0fQ.nwanBiIwaYcCyd3Fz9YmwsQXWJ29y79nUl2_5xZfm98,normal
2025-06-21T15:12:03.857Z,user017,/browse,ViewPage,READ,eyJhbGciOiJIUzI1NiIsInR5cCI6IkpXVCJ9.eyJ1c2VyX2lkIjoidXNlcjAxNyIsImlhdCI6MTc1MDUxODcyMzg1NCwiZXhwIjoxNzUwNTE4NzI3NDU0fQ.nwanBiIwaYcCyd3Fz9YmwsQXWJ29y79nUl2_5xZfm98,normal
2025-06-21T15:12:03.860Z,user017,/edit,EditContent,UPDATE,eyJhbGciOiJIUzI1NiIsInR5cCI6IkpXVCJ9.eyJ1c2VyX2lkIjoidXNlcjAxNyIsImlhdCI6MTc1MDUxODcyMzg1NCwiZXhwIjoxNzUwNTE4NzI3NDU0fQ.nwanBiIwaYcCyd3Fz9YmwsQXWJ29y79nUl2_5xZfm98,normal
2025-06-21T15:12:03.863Z,user017,/logout,Logout,AUTH,eyJhbGciOiJIUzI1NiIsInR5cCI6IkpXVCJ9.eyJ1c2VyX2lkIjoidXNlcjAxNyIsImlhdCI6MTc1MDUxODcyMzg1NCwiZXhwIjoxNzUwNTE4NzI3NDU0fQ.nwanBiIwaYcCyd3Fz9YmwsQXWJ29y79nUl2_5xZfm98,normal
2025-06-21T15:12:03.979Z,user018,/login,Login,AUTH,eyJhbGciOiJIUzI1NiIsInR5cCI6IkpXVCJ9.eyJ1c2VyX2lkIjoidXNlcjAxOCIsImlhdCI6MTc1MDUxODcyMzk4MCwiZXhwIjoxNzUwNTE4NzI3NTgwfQ.EjfcM6SYMlm1r7qYiUBpnHGcadBdXvG-ee-anzy6wvg,normal
2025-06-21T15:12:03.983Z,user018,/browse,ViewPage,READ,eyJhbGciOiJIUzI1NiIsInR5cCI6IkpXVCJ9.eyJ1c2VyX2lkIjoidXNlcjAxOCIsImlhdCI6MTc1MDUxODcyMzk4MCwiZXhwIjoxNzUwNTE4NzI3NTgwfQ.EjfcM6SYMlm1r7qYiUBpnHGcadBdXvG-ee-anzy6wvg,normal
2025-06-21T15:12:03.986Z,user018,/edit,EditContent,UPDATE,eyJhbGciOiJIUzI1NiIsInR5cCI6IkpXVCJ9.eyJ1c2VyX2lkIjoidXNlcjAxOCIsImlhdCI6MTc1MDUxODcyMzk4MCwiZXhwIjoxNzUwNTE4NzI3NTgwfQ.EjfcM6SYMlm1r7qYiUBpnHGcadBdXvG-ee-anzy6wvg,normal
2025-06-21T15:12:03.989Z,user018,/logout,Logout,AUTH,eyJhbGciOiJIUzI1NiIsInR5cCI6IkpXVCJ9.eyJ1c2VyX2lkIjoidXNlcjAxOCIsImlhdCI6MTc1MDUxODcyMzk4MCwiZXhwIjoxNzUwNTE4NzI3NTgwfQ.EjfcM6SYMlm1r7qYiUBpnHGcadBdXvG-ee-anzy6wvg,normal
2025-06-21T15:12:04.106Z,user019,/login,Login,AUTH,eyJhbGciOiJIUzI1NiIsInR5cCI6IkpXVCJ9.eyJ1c2VyX2lkIjoidXNlcjAxOSIsImlhdCI6MTc1MDUxODcyNDEwNywiZXhwIjoxNzUwNTE4NzI3NzA3fQ.7HlTEq8IClCZfQtjfIbpO8t8zDRd_sDoAYD_zxRh7E4,normal
2025-06-21T15:12:04.110Z,user019,/browse,ViewPage,READ,eyJhbGciOiJIUzI1NiIsInR5cCI6IkpXVCJ9.eyJ1c2VyX2lkIjoidXNlcjAxOSIsImlhdCI6MTc1MDUxODcyNDEwNywiZXhwIjoxNzUwNTE4NzI3NzA3fQ.7HlTEq8IClCZfQtjfIbpO8t8zDRd_sDoAYD_zxRh7E4,normal
2025-06-21T15:12:04.113Z,user019,/edit,EditContent,UPDATE,eyJhbGciOiJIUzI1NiIsInR5cCI6IkpXVCJ9.eyJ1c2VyX2lkIjoidXNlcjAxOSIsImlhdCI6MTc1MDUxODcyNDEwNywiZXhwIjoxNzUwNTE4NzI3NzA3fQ.7HlTEq8IClCZfQtjfIbpO8t8zDRd_sDoAYD_zxRh7E4,normal
2025-06-21T15:12:04.116Z,user019,/logout,Logout,AUTH,eyJhbGciOiJIUzI1NiIsInR5cCI6IkpXVCJ9.eyJ1c2VyX2lkIjoidXNlcjAxOSIsImlhdCI6MTc1MDUxODcyNDEwNywiZXhwIjoxNzUwNTE4NzI3NzA3fQ.7HlTEq8IClCZfQtjfIbpO8t8zDRd_sDoAYD_zxRh7E4,normal
2025-06-21T15:12:04.231Z,user020,/login,Login,AUTH,eyJhbGciOiJIUzI1NiIsInR5cCI6IkpXVCJ9.eyJ1c2VyX2lkIjoidXNlcjAyMCIsImlhdCI6MTc1MDUxODcyNDIzMywiZXhwIjoxNzUwNTE4NzI3ODMzfQ.6sTHYOXpJHc97Fl83EP_RIXyPZCCmeblIjloE5noMg0,normal
2025-06-21T15:12:04.236Z,user020,/browse,ViewPage,READ,eyJhbGciOiJIUzI1NiIsInR5cCI6IkpXVCJ9.eyJ1c2VyX2lkIjoidXNlcjAyMCIsImlhdCI6MTc1MDUxODcyNDIzMywiZXhwIjoxNzUwNTE4NzI3ODMzfQ.6sTHYOXpJHc97Fl83EP_RIXyPZCCmeblIjloE5noMg0,normal
2025-06-21T15:12:04.239Z,user020,/edit,EditContent,UPDATE,eyJhbGciOiJIUzI1NiIsInR5cCI6IkpXVCJ9.eyJ1c2VyX2lkIjoidXNlcjAyMCIsImlhdCI6MTc1MDUxODcyNDIzMywiZXhwIjoxNzUwNTE4NzI3ODMzfQ.6sTHYOXpJHc97Fl83EP_RIXyPZCCmeblIjloE5noMg0,normal
2025-06-21T15:12:04.242Z,user020,/logout,Logout,AUTH,eyJhbGciOiJIUzI1NiIsInR5cCI6IkpXVCJ9.eyJ1c2VyX2lkIjoidXNlcjAyMCIsImlhdCI6MTc1MDUxODcyNDIzMywiZXhwIjoxNzUwNTE4NzI3ODMzfQ.6sTHYOXpJHc97Fl83EP_RIXyPZCCmeblIjloE5noMg0,normal
2025-06-21T15:12:04.358Z,user021,/login,Login,AUTH,eyJhbGciOiJIUzI1NiIsInR5cCI6IkpXVCJ9.eyJ1c2VyX2lkIjoidXNlcjAyMSIsImlhdCI6MTc1MDUxODcyNDM2MCwiZXhwIjoxNzUwNTE4NzI3OTYwfQ.07NWzw7Jl2bp7a7CmrWObQua4Nh3g7QKSzZdGH06FMQ,normal
2025-06-21T15:12:04.362Z,user021,/browse,ViewPage,READ,eyJhbGciOiJIUzI1NiIsInR5cCI6IkpXVCJ9.eyJ1c2VyX2lkIjoidXNlcjAyMSIsImlhdCI6MTc1MDUxODcyNDM2MCwiZXhwIjoxNzUwNTE4NzI3OTYwfQ.07NWzw7Jl2bp7a7CmrWObQua4Nh3g7QKSzZdGH06FMQ,normal
2025-06-21T15:12:04.365Z,user021,/edit,EditContent,UPDATE,eyJhbGciOiJIUzI1NiIsInR5cCI6IkpXVCJ9.eyJ1c2VyX2lkIjoidXNlcjAyMSIsImlhdCI6MTc1MDUxODcyNDM2MCwiZXhwIjoxNzUwNTE4NzI3OTYwfQ.07NWzw7Jl2bp7a7CmrWObQua4Nh3g7QKSzZdGH06FMQ,normal
2025-06-21T15:12:04.368Z,user021,/logout,Logout,AUTH,eyJhbGciOiJIUzI1NiIsInR5cCI6IkpXVCJ9.eyJ1c2VyX2lkIjoidXNlcjAyMSIsImlhdCI6MTc1MDUxODcyNDM2MCwiZXhwIjoxNzUwNTE4NzI3OTYwfQ.07NWzw7Jl2bp7a7CmrWObQua4Nh3g7QKSzZdGH06FMQ,normal
2025-06-21T15:12:04.484Z,user022,/login,Login,AUTH,eyJhbGciOiJIUzI1NiIsInR5cCI6IkpXVCJ9.eyJ1c2VyX2lkIjoidXNlcjAyMiIsImlhdCI6MTc1MDUxODcyNDQ4NywiZXhwIjoxNzUwNTE4NzI4MDg3fQ.dTwCgrMOId4OEILZAUxLdegEEGGvZjig-tDzV8HXi20,normal
2025-06-21T15:12:04.489Z,user022,/browse,ViewPage,READ,eyJhbGciOiJIUzI1NiIsInR5cCI6IkpXVCJ9.eyJ1c2VyX2lkIjoidXNlcjAyMiIsImlhdCI6MTc1MDUxODcyNDQ4NywiZXhwIjoxNzUwNTE4NzI4MDg3fQ.dTwCgrMOId4OEILZAUxLdegEEGGvZjig-tDzV8HXi20,normal
2025-06-21T15:12:04.492Z,user022,/edit,EditContent,UPDATE,eyJhbGciOiJIUzI1NiIsInR5cCI6IkpXVCJ9.eyJ1c2VyX2lkIjoidXNlcjAyMiIsImlhdCI6MTc1MDUxODcyNDQ4NywiZXhwIjoxNzUwNTE4NzI4MDg3fQ.dTwCgrMOId4OEILZAUxLdegEEGGvZjig-tDzV8HXi20,normal
2025-06-21T15:12:04.495Z,user022,/logout,Logout,AUTH,eyJhbGciOiJIUzI1NiIsInR5cCI6IkpXVCJ9.eyJ1c2VyX2lkIjoidXNlcjAyMiIsImlhdCI6MTc1MDUxODcyNDQ4NywiZXhwIjoxNzUwNTE4NzI4MDg3fQ.dTwCgrMOId4OEILZAUxLdegEEGGvZjig-tDzV8HXi20,normal
2025-06-21T15:12:04.611Z,user023,/login,Login,AUTH,eyJhbGciOiJIUzI1NiIsInR5cCI6IkpXVCJ9.eyJ1c2VyX2lkIjoidXNlcjAyMyIsImlhdCI6MTc1MDUxODcyNDYxMiwiZXhwIjoxNzUwNTE4NzI4MjEyfQ.jwneH_8zBN11bFs2tw4bAmpUUpbtlreQCyQi9L_u0z0,normal
2025-06-21T15:12:04.615Z,user023,/browse,ViewPage,READ,eyJhbGciOiJIUzI1NiIsInR5cCI6IkpXVCJ9.eyJ1c2VyX2lkIjoidXNlcjAyMyIsImlhdCI6MTc1MDUxODcyNDYxMiwiZXhwIjoxNzUwNTE4NzI4MjEyfQ.jwneH_8zBN11bFs2tw4bAmpUUpbtlreQCyQi9L_u0z0,normal
2025-06-21T15:12:04.618Z,user023,/edit,EditContent,UPDATE,eyJhbGciOiJIUzI1NiIsInR5cCI6IkpXVCJ9.eyJ1c2VyX2lkIjoidXNlcjAyMyIsImlhdCI6MTc1MDUxODcyNDYxMiwiZXhwIjoxNzUwNTE4NzI4MjEyfQ.jwneH_8zBN11bFs2tw4bAmpUUpbtlreQCyQi9L_u0z0,normal
2025-06-21T15:12:04.623Z,user023,/logout,Logout,AUTH,eyJhbGciOiJIUzI1NiIsInR5cCI6IkpXVCJ9.eyJ1c2VyX2lkIjoidXNlcjAyMyIsImlhdCI6MTc1MDUxODcyNDYxMiwiZXhwIjoxNzUwNTE4NzI4MjEyfQ.jwneH_8zBN11bFs2tw4bAmpUUpbtlreQCyQi9L_u0z0,normal
2025-06-21T15:12:04.736Z,user024,/login,Login,AUTH,eyJhbGciOiJIUzI1NiIsInR5cCI6IkpXVCJ9.eyJ1c2VyX2lkIjoidXNlcjAyNCIsImlhdCI6MTc1MDUxODcyNDczOCwiZXhwIjoxNzUwNTE4NzI4MzM4fQ.zVD_wl9Nx5WfiQ_ZOkxzeURnL_XkBwWm2xpal3UjFQY,normal
2025-06-21T15:12:04.740Z,user024,/browse,ViewPage,READ,eyJhbGciOiJIUzI1NiIsInR5cCI6IkpXVCJ9.eyJ1c2VyX2lkIjoidXNlcjAyNCIsImlhdCI6MTc1MDUxODcyNDczOCwiZXhwIjoxNzUwNTE4NzI4MzM4fQ.zVD_wl9Nx5WfiQ_ZOkxzeURnL_XkBwWm2xpal3UjFQY,normal
2025-06-21T15:12:04.744Z,user024,/edit,EditContent,UPDATE,eyJhbGciOiJIUzI1NiIsInR5cCI6IkpXVCJ9.eyJ1c2VyX2lkIjoidXNlcjAyNCIsImlhdCI6MTc1MDUxODcyNDczOCwiZXhwIjoxNzUwNTE4NzI4MzM4fQ.zVD_wl9Nx5WfiQ_ZOkxzeURnL_XkBwWm2xpal3UjFQY,normal
2025-06-21T15:12:04.747Z,user024,/logout,Logout,AUTH,eyJhbGciOiJIUzI1NiIsInR5cCI6IkpXVCJ9.eyJ1c2VyX2lkIjoidXNlcjAyNCIsImlhdCI6MTc1MDUxODcyNDczOCwiZXhwIjoxNzUwNTE4NzI4MzM4fQ.zVD_wl9Nx5WfiQ_ZOkxzeURnL_XkBwWm2xpal3UjFQY,normal
2025-06-21T15:12:04.862Z,user025,/login,Login,AUTH,eyJhbGciOiJIUzI1NiIsInR5cCI6IkpXVCJ9.eyJ1c2VyX2lkIjoidXNlcjAyNSIsImlhdCI6MTc1MDUxODcyNDg2NCwiZXhwIjoxNzUwNTE4NzI4NDY0fQ.acU6v0V3-eV_4fdRoT4-fNB8sI6sgcZ_NXr7B3eeZZE,normal
2025-06-21T15:12:04.866Z,user025,/browse,ViewPage,READ,eyJhbGciOiJIUzI1NiIsInR5cCI6IkpXVCJ9.eyJ1c2VyX2lkIjoidXNlcjAyNSIsImlhdCI6MTc1MDUxODcyNDg2NCwiZXhwIjoxNzUwNTE4NzI4NDY0fQ.acU6v0V3-eV_4fdRoT4-fNB8sI6sgcZ_NXr7B3eeZZE,normal
2025-06-21T15:12:04.869Z,user025,/edit,EditContent,UPDATE,eyJhbGciOiJIUzI1NiIsInR5cCI6IkpXVCJ9.eyJ1c2VyX2lkIjoidXNlcjAyNSIsImlhdCI6MTc1MDUxODcyNDg2NCwiZXhwIjoxNzUwNTE4NzI4NDY0fQ.acU6v0V3-eV_4fdRoT4-fNB8sI6sgcZ_NXr7B3eeZZE,normal
2025-06-21T15:12:04.872Z,user025,/logout,Logout,AUTH,eyJhbGciOiJIUzI1NiIsInR5cCI6IkpXVCJ9.eyJ1c2VyX2lkIjoidXNlcjAyNSIsImlhdCI6MTc1MDUxODcyNDg2NCwiZXhwIjoxNzUwNTE4NzI4NDY0fQ.acU6v0V3-eV_4fdRoT4-fNB8sI6sgcZ_NXr7B3eeZZE,normal
2025-06-21T15:12:04.999Z,user026,/login,Login,AUTH,eyJhbGciOiJIUzI1NiIsInR5cCI6IkpXVCJ9.eyJ1c2VyX2lkIjoidXNlcjAyNiIsImlhdCI6MTc1MDUxODcyNTAwMiwiZXhwIjoxNzUwNTE4NzI4NjAyfQ.JTvmC0QPlb2USxM_Np1uP9dEZvHdCGusm3DG45E_kjo,normal
2025-06-21T15:12:05.009Z,user026,/browse,ViewPage,READ,eyJhbGciOiJIUzI1NiIsInR5cCI6IkpXVCJ9.eyJ1c2VyX2lkIjoidXNlcjAyNiIsImlhdCI6MTc1MDUxODcyNTAwMiwiZXhwIjoxNzUwNTE4NzI4NjAyfQ.JTvmC0QPlb2USxM_Np1uP9dEZvHdCGusm3DG45E_kjo,normal
2025-06-21T15:12:05.017Z,user026,/edit,EditContent,UPDATE,eyJhbGciOiJIUzI1NiIsInR5cCI6IkpXVCJ9.eyJ1c2VyX2lkIjoidXNlcjAyNiIsImlhdCI6MTc1MDUxODcyNTAwMiwiZXhwIjoxNzUwNTE4NzI4NjAyfQ.JTvmC0QPlb2USxM_Np1uP9dEZvHdCGusm3DG45E_kjo,normal
2025-06-21T15:12:05.021Z,user026,/logout,Logout,AUTH,eyJhbGciOiJIUzI1NiIsInR5cCI6IkpXVCJ9.eyJ1c2VyX2lkIjoidXNlcjAyNiIsImlhdCI6MTc1MDUxODcyNTAwMiwiZXhwIjoxNzUwNTE4NzI4NjAyfQ.JTvmC0QPlb2USxM_Np1uP9dEZvHdCGusm3DG45E_kjo,normal
2025-06-21T15:12:05.130Z,user027,/login,Login,AUTH,eyJhbGciOiJIUzI1NiIsInR5cCI6IkpXVCJ9.eyJ1c2VyX2lkIjoidXNlcjAyNyIsImlhdCI6MTc1MDUxODcyNTEzMSwiZXhwIjoxNzUwNTE4NzI4NzMxfQ._Uq8KTTBMhm9mtYwF2cXrMuO8AVLqnKSLyKEglQZBgI,normal
2025-06-21T15:12:05.134Z,user027,/browse,ViewPage,READ,eyJhbGciOiJIUzI1NiIsInR5cCI6IkpXVCJ9.eyJ1c2VyX2lkIjoidXNlcjAyNyIsImlhdCI6MTc1MDUxODcyNTEzMSwiZXhwIjoxNzUwNTE4NzI4NzMxfQ._Uq8KTTBMhm9mtYwF2cXrMuO8AVLqnKSLyKEglQZBgI,normal
2025-06-21T15:12:05.136Z,user027,/edit,EditContent,UPDATE,eyJhbGciOiJIUzI1NiIsInR5cCI6IkpXVCJ9.eyJ1c2VyX2lkIjoidXNlcjAyNyIsImlhdCI6MTc1MDUxODcyNTEzMSwiZXhwIjoxNzUwNTE4NzI4NzMxfQ._Uq8KTTBMhm9mtYwF2cXrMuO8AVLqnKSLyKEglQZBgI,normal
2025-06-21T15:12:05.139Z,user027,/logout,Logout,AUTH,eyJhbGciOiJIUzI1NiIsInR5cCI6IkpXVCJ9.eyJ1c2VyX2lkIjoidXNlcjAyNyIsImlhdCI6MTc1MDUxODcyNTEzMSwiZXhwIjoxNzUwNTE4NzI4NzMxfQ._Uq8KTTBMhm9mtYwF2cXrMuO8AVLqnKSLyKEglQZBgI,normal
2025-06-21T15:12:05.256Z,user028,/login,Login,AUTH,eyJhbGciOiJIUzI1NiIsInR5cCI6IkpXVCJ9.eyJ1c2VyX2lkIjoidXNlcjAyOCIsImlhdCI6MTc1MDUxODcyNTI1OCwiZXhwIjoxNzUwNTE4NzI4ODU4fQ.7H9VVfbCnVYcbUPqEH-XQgYks0tNQOsgMnHUGXLYDPs,normal
2025-06-21T15:12:05.260Z,user028,/browse,ViewPage,READ,eyJhbGciOiJIUzI1NiIsInR5cCI6IkpXVCJ9.eyJ1c2VyX2lkIjoidXNlcjAyOCIsImlhdCI6MTc1MDUxODcyNTI1OCwiZXhwIjoxNzUwNTE4NzI4ODU4fQ.7H9VVfbCnVYcbUPqEH-XQgYks0tNQOsgMnHUGXLYDPs,normal
2025-06-21T15:12:05.263Z,user028,/edit,EditContent,UPDATE,eyJhbGciOiJIUzI1NiIsInR5cCI6IkpXVCJ9.eyJ1c2VyX2lkIjoidXNlcjAyOCIsImlhdCI6MTc1MDUxODcyNTI1OCwiZXhwIjoxNzUwNTE4NzI4ODU4fQ.7H9VVfbCnVYcbUPqEH-XQgYks0tNQOsgMnHUGXLYDPs,normal
2025-06-21T15:12:05.266Z,user028,/logout,Logout,AUTH,eyJhbGciOiJIUzI1NiIsInR5cCI6IkpXVCJ9.eyJ1c2VyX2lkIjoidXNlcjAyOCIsImlhdCI6MTc1MDUxODcyNTI1OCwiZXhwIjoxNzUwNTE4NzI4ODU4fQ.7H9VVfbCnVYcbUPqEH-XQgYks0tNQOsgMnHUGXLYDPs,normal
2025-06-21T15:12:05.382Z,user029,/login,Login,AUTH,eyJhbGciOiJIUzI1NiIsInR5cCI6IkpXVCJ9.eyJ1c2VyX2lkIjoidXNlcjAyOSIsImlhdCI6MTc1MDUxODcyNTM4NCwiZXhwIjoxNzUwNTE4NzI4OTg0fQ.XcIv0TZzduJZNyoFvPwbpXVA2SSkkci0lCsH26sNito,normal
2025-06-21T15:12:05.386Z,user029,/browse,ViewPage,READ,eyJhbGciOiJIUzI1NiIsInR5cCI6IkpXVCJ9.eyJ1c2VyX2lkIjoidXNlcjAyOSIsImlhdCI6MTc1MDUxODcyNTM4NCwiZXhwIjoxNzUwNTE4NzI4OTg0fQ.XcIv0TZzduJZNyoFvPwbpXVA2SSkkci0lCsH26sNito,normal
2025-06-21T15:12:05.389Z,user029,/edit,EditContent,UPDATE,eyJhbGciOiJIUzI1NiIsInR5cCI6IkpXVCJ9.eyJ1c2VyX2lkIjoidXNlcjAyOSIsImlhdCI6MTc1MDUxODcyNTM4NCwiZXhwIjoxNzUwNTE4NzI4OTg0fQ.XcIv0TZzduJZNyoFvPwbpXVA2SSkkci0lCsH26sNito,normal
2025-06-21T15:12:05.392Z,user029,/logout,Logout,AUTH,eyJhbGciOiJIUzI1NiIsInR5cCI6IkpXVCJ9.eyJ1c2VyX2lkIjoidXNlcjAyOSIsImlhdCI6MTc1MDUxODcyNTM4NCwiZXhwIjoxNzUwNTE4NzI4OTg0fQ.XcIv0TZzduJZNyoFvPwbpXVA2SSkkci0lCsH26sNito,normal
2025-06-21T15:12:05.508Z,user030,/login,Login,AUTH,eyJhbGciOiJIUzI1NiIsInR5cCI6IkpXVCJ9.eyJ1c2VyX2lkIjoidXNlcjAzMCIsImlhdCI6MTc1MDUxODcyNTUxMCwiZXhwIjoxNzUwNTE4NzI5MTEwfQ.PaTN3RV_Zp3ArN6DqMlZn3q0QmHdDanTEW725N81ya0,normal
2025-06-21T15:12:05.512Z,user030,/browse,ViewPage,READ,eyJhbGciOiJIUzI1NiIsInR5cCI6IkpXVCJ9.eyJ1c2VyX2lkIjoidXNlcjAzMCIsImlhdCI6MTc1MDUxODcyNTUxMCwiZXhwIjoxNzUwNTE4NzI5MTEwfQ.PaTN3RV_Zp3ArN6DqMlZn3q0QmHdDanTEW725N81ya0,normal
2025-06-21T15:12:05.515Z,user030,/edit,EditContent,UPDATE,eyJhbGciOiJIUzI1NiIsInR5cCI6IkpXVCJ9.eyJ1c2VyX2lkIjoidXNlcjAzMCIsImlhdCI6MTc1MDUxODcyNTUxMCwiZXhwIjoxNzUwNTE4NzI5MTEwfQ.PaTN3RV_Zp3ArN6DqMlZn3q0QmHdDanTEW725N81ya0,normal
2025-06-21T15:12:05.520Z,user030,/logout,Logout,AUTH,eyJhbGciOiJIUzI1NiIsInR5cCI6IkpXVCJ9.eyJ1c2VyX2lkIjoidXNlcjAzMCIsImlhdCI6MTc1MDUxODcyNTUxMCwiZXhwIjoxNzUwNTE4NzI5MTEwfQ.PaTN3RV_Zp3ArN6DqMlZn3q0QmHdDanTEW725N81ya0,normal
2025-06-21T15:12:05.634Z,user031,/login,Login,AUTH,eyJhbGciOiJIUzI1NiIsInR5cCI6IkpXVCJ9.eyJ1c2VyX2lkIjoidXNlcjAzMSIsImlhdCI6MTc1MDUxODcyNTYzNSwiZXhwIjoxNzUwNTE4NzI5MjM1fQ.pIIqti5K6aUOyQ77ecNjmQe3hDCAhWoIjRB4uvL82xw,normal
2025-06-21T15:12:05.638Z,user031,/browse,ViewPage,READ,eyJhbGciOiJIUzI1NiIsInR5cCI6IkpXVCJ9.eyJ1c2VyX2lkIjoidXNlcjAzMSIsImlhdCI6MTc1MDUxODcyNTYzNSwiZXhwIjoxNzUwNTE4NzI5MjM1fQ.pIIqti5K6aUOyQ77ecNjmQe3hDCAhWoIjRB4uvL82xw,normal
2025-06-21T15:12:05.641Z,user031,/edit,EditContent,UPDATE,eyJhbGciOiJIUzI1NiIsInR5cCI6IkpXVCJ9.eyJ1c2VyX2lkIjoidXNlcjAzMSIsImlhdCI6MTc1MDUxODcyNTYzNSwiZXhwIjoxNzUwNTE4NzI5MjM1fQ.pIIqti5K6aUOyQ77ecNjmQe3hDCAhWoIjRB4uvL82xw,normal
2025-06-21T15:12:05.645Z,user031,/logout,Logout,AUTH,eyJhbGciOiJIUzI1NiIsInR5cCI6IkpXVCJ9.eyJ1c2VyX2lkIjoidXNlcjAzMSIsImlhdCI6MTc1MDUxODcyNTYzNSwiZXhwIjoxNzUwNTE4NzI5MjM1fQ.pIIqti5K6aUOyQ77ecNjmQe3hDCAhWoIjRB4uvL82xw,normal
2025-06-21T15:12:05.759Z,user032,/login,Login,AUTH,eyJhbGciOiJIUzI1NiIsInR5cCI6IkpXVCJ9.eyJ1c2VyX2lkIjoidXNlcjAzMiIsImlhdCI6MTc1MDUxODcyNTc2MSwiZXhwIjoxNzUwNTE4NzI5MzYxfQ.ykhNCf5ZxL-hmf8e79qKJNE2woztFPCpp7UoMF38XfU,normal
2025-06-21T15:12:05.763Z,user032,/browse,ViewPage,READ,eyJhbGciOiJIUzI1NiIsInR5cCI6IkpXVCJ9.eyJ1c2VyX2lkIjoidXNlcjAzMiIsImlhdCI6MTc1MDUxODcyNTc2MSwiZXhwIjoxNzUwNTE4NzI5MzYxfQ.ykhNCf5ZxL-hmf8e79qKJNE2woztFPCpp7UoMF38XfU,normal
2025-06-21T15:12:05.766Z,user032,/edit,EditContent,UPDATE,eyJhbGciOiJIUzI1NiIsInR5cCI6IkpXVCJ9.eyJ1c2VyX2lkIjoidXNlcjAzMiIsImlhdCI6MTc1MDUxODcyNTc2MSwiZXhwIjoxNzUwNTE4NzI5MzYxfQ.ykhNCf5ZxL-hmf8e79qKJNE2woztFPCpp7UoMF38XfU,normal
2025-06-21T15:12:05.769Z,user032,/logout,Logout,AUTH,eyJhbGciOiJIUzI1NiIsInR5cCI6IkpXVCJ9.eyJ1c2VyX2lkIjoidXNlcjAzMiIsImlhdCI6MTc1MDUxODcyNTc2MSwiZXhwIjoxNzUwNTE4NzI5MzYxfQ.ykhNCf5ZxL-hmf8e79qKJNE2woztFPCpp7UoMF38XfU,normal
2025-06-21T15:12:05.884Z,user033,/login,Login,AUTH,eyJhbGciOiJIUzI1NiIsInR5cCI6IkpXVCJ9.eyJ1c2VyX2lkIjoidXNlcjAzMyIsImlhdCI6MTc1MDUxODcyNTg4NiwiZXhwIjoxNzUwNTE4NzI5NDg2fQ.lHGuvVHCqYa_wWe3B_7Vx86h1Hikp5drnS2Z0Gg3Fcc,normal
2025-06-21T15:12:05.888Z,user033,/browse,ViewPage,READ,eyJhbGciOiJIUzI1NiIsInR5cCI6IkpXVCJ9.eyJ1c2VyX2lkIjoidXNlcjAzMyIsImlhdCI6MTc1MDUxODcyNTg4NiwiZXhwIjoxNzUwNTE4NzI5NDg2fQ.lHGuvVHCqYa_wWe3B_7Vx86h1Hikp5drnS2Z0Gg3Fcc,normal
2025-06-21T15:12:05.892Z,user033,/edit,EditContent,UPDATE,eyJhbGciOiJIUzI1NiIsInR5cCI6IkpXVCJ9.eyJ1c2VyX2lkIjoidXNlcjAzMyIsImlhdCI6MTc1MDUxODcyNTg4NiwiZXhwIjoxNzUwNTE4NzI5NDg2fQ.lHGuvVHCqYa_wWe3B_7Vx86h1Hikp5drnS2Z0Gg3Fcc,normal
2025-06-21T15:12:05.895Z,user033,/logout,Logout,AUTH,eyJhbGciOiJIUzI1NiIsInR5cCI6IkpXVCJ9.eyJ1c2VyX2lkIjoidXNlcjAzMyIsImlhdCI6MTc1MDUxODcyNTg4NiwiZXhwIjoxNzUwNTE4NzI5NDg2fQ.lHGuvVHCqYa_wWe3B_7Vx86h1Hikp5drnS2Z0Gg3Fcc,normal
2025-06-21T15:12:06.010Z,user034,/login,Login,AUTH,eyJhbGciOiJIUzI1NiIsInR5cCI6IkpXVCJ9.eyJ1c2VyX2lkIjoidXNlcjAzNCIsImlhdCI6MTc1MDUxODcyNjAxMiwiZXhwIjoxNzUwNTE4NzI5NjEyfQ.IiSrkprC8K7u7cBpIJMSDK6O2tV-EJLcXQj-pXGC5P4,normal
2025-06-21T15:12:06.014Z,user034,/browse,ViewPage,READ,eyJhbGciOiJIUzI1NiIsInR5cCI6IkpXVCJ9.eyJ1c2VyX2lkIjoidXNlcjAzNCIsImlhdCI6MTc1MDUxODcyNjAxMiwiZXhwIjoxNzUwNTE4NzI5NjEyfQ.IiSrkprC8K7u7cBpIJMSDK6O2tV-EJLcXQj-pXGC5P4,normal
2025-06-21T15:12:06.017Z,user034,/edit,EditContent,UPDATE,eyJhbGciOiJIUzI1NiIsInR5cCI6IkpXVCJ9.eyJ1c2VyX2lkIjoidXNlcjAzNCIsImlhdCI6MTc1MDUxODcyNjAxMiwiZXhwIjoxNzUwNTE4NzI5NjEyfQ.IiSrkprC8K7u7cBpIJMSDK6O2tV-EJLcXQj-pXGC5P4,normal
2025-06-21T15:12:06.021Z,user034,/logout,Logout,AUTH,eyJhbGciOiJIUzI1NiIsInR5cCI6IkpXVCJ9.eyJ1c2VyX2lkIjoidXNlcjAzNCIsImlhdCI6MTc1MDUxODcyNjAxMiwiZXhwIjoxNzUwNTE4NzI5NjEyfQ.IiSrkprC8K7u7cBpIJMSDK6O2tV-EJLcXQj-pXGC5P4,normal
2025-06-21T15:12:06.136Z,user035,/login,Login,AUTH,eyJhbGciOiJIUzI1NiIsInR5cCI6IkpXVCJ9.eyJ1c2VyX2lkIjoidXNlcjAzNSIsImlhdCI6MTc1MDUxODcyNjEzNywiZXhwIjoxNzUwNTE4NzI5NzM3fQ.fDGgzQADJTFO0MG5GORWHPd96_inbvMK2qJrB4ARxN4,normal
2025-06-21T15:12:06.139Z,user035,/browse,ViewPage,READ,eyJhbGciOiJIUzI1NiIsInR5cCI6IkpXVCJ9.eyJ1c2VyX2lkIjoidXNlcjAzNSIsImlhdCI6MTc1MDUxODcyNjEzNywiZXhwIjoxNzUwNTE4NzI5NzM3fQ.fDGgzQADJTFO0MG5GORWHPd96_inbvMK2qJrB4ARxN4,normal
2025-06-21T15:12:06.142Z,user035,/edit,EditContent,UPDATE,eyJhbGciOiJIUzI1NiIsInR5cCI6IkpXVCJ9.eyJ1c2VyX2lkIjoidXNlcjAzNSIsImlhdCI6MTc1MDUxODcyNjEzNywiZXhwIjoxNzUwNTE4NzI5NzM3fQ.fDGgzQADJTFO0MG5GORWHPd96_inbvMK2qJrB4ARxN4,normal
2025-06-21T15:12:06.145Z,user035,/logout,Logout,AUTH,eyJhbGciOiJIUzI1NiIsInR5cCI6IkpXVCJ9.eyJ1c2VyX2lkIjoidXNlcjAzNSIsImlhdCI6MTc1MDUxODcyNjEzNywiZXhwIjoxNzUwNTE4NzI5NzM3fQ.fDGgzQADJTFO0MG5GORWHPd96_inbvMK2qJrB4ARxN4,normal
2025-06-21T15:12:06.261Z,user036,/login,Login,AUTH,eyJhbGciOiJIUzI1NiIsInR5cCI6IkpXVCJ9.eyJ1c2VyX2lkIjoidXNlcjAzNiIsImlhdCI6MTc1MDUxODcyNjI2MywiZXhwIjoxNzUwNTE4NzI5ODYzfQ.FNkAaCu8UHzp-l5FPh0XoEnXMYcZabkOZ71-RzCSaHY,normal
2025-06-21T15:12:06.265Z,user036,/browse,ViewPage,READ,eyJhbGciOiJIUzI1NiIsInR5cCI6IkpXVCJ9.eyJ1c2VyX2lkIjoidXNlcjAzNiIsImlhdCI6MTc1MDUxODcyNjI2MywiZXhwIjoxNzUwNTE4NzI5ODYzfQ.FNkAaCu8UHzp-l5FPh0XoEnXMYcZabkOZ71-RzCSaHY,normal
2025-06-21T15:12:06.270Z,user036,/edit,EditContent,UPDATE,eyJhbGciOiJIUzI1NiIsInR5cCI6IkpXVCJ9.eyJ1c2VyX2lkIjoidXNlcjAzNiIsImlhdCI6MTc1MDUxODcyNjI2MywiZXhwIjoxNzUwNTE4NzI5ODYzfQ.FNkAaCu8UHzp-l5FPh0XoEnXMYcZabkOZ71-RzCSaHY,normal
2025-06-21T15:12:06.274Z,user036,/logout,Logout,AUTH,eyJhbGciOiJIUzI1NiIsInR5cCI6IkpXVCJ9.eyJ1c2VyX2lkIjoidXNlcjAzNiIsImlhdCI6MTc1MDUxODcyNjI2MywiZXhwIjoxNzUwNTE4NzI5ODYzfQ.FNkAaCu8UHzp-l5FPh0XoEnXMYcZabkOZ71-RzCSaHY,normal
2025-06-21T15:12:06.387Z,user037,/login,Login,AUTH,eyJhbGciOiJIUzI1NiIsInR5cCI6IkpXVCJ9.eyJ1c2VyX2lkIjoidXNlcjAzNyIsImlhdCI6MTc1MDUxODcyNjM4OSwiZXhwIjoxNzUwNTE4NzI5OTg5fQ.Bcd-3aO1o0siUSonrlsv2ym0BKF6-dMc494vE7vYWA8,normal
2025-06-21T15:12:06.391Z,user037,/browse,ViewPage,READ,eyJhbGciOiJIUzI1NiIsInR5cCI6IkpXVCJ9.eyJ1c2VyX2lkIjoidXNlcjAzNyIsImlhdCI6MTc1MDUxODcyNjM4OSwiZXhwIjoxNzUwNTE4NzI5OTg5fQ.Bcd-3aO1o0siUSonrlsv2ym0BKF6-dMc494vE7vYWA8,normal
2025-06-21T15:12:06.394Z,user037,/edit,EditContent,UPDATE,eyJhbGciOiJIUzI1NiIsInR5cCI6IkpXVCJ9.eyJ1c2VyX2lkIjoidXNlcjAzNyIsImlhdCI6MTc1MDUxODcyNjM4OSwiZXhwIjoxNzUwNTE4NzI5OTg5fQ.Bcd-3aO1o0siUSonrlsv2ym0BKF6-dMc494vE7vYWA8,normal
2025-06-21T15:12:06.397Z,user037,/logout,Logout,AUTH,eyJhbGciOiJIUzI1NiIsInR5cCI6IkpXVCJ9.eyJ1c2VyX2lkIjoidXNlcjAzNyIsImlhdCI6MTc1MDUxODcyNjM4OSwiZXhwIjoxNzUwNTE4NzI5OTg5fQ.Bcd-3aO1o0siUSonrlsv2ym0BKF6-dMc494vE7vYWA8,normal
2025-06-21T15:12:06.512Z,user038,/login,Login,AUTH,eyJhbGciOiJIUzI1NiIsInR5cCI6IkpXVCJ9.eyJ1c2VyX2lkIjoidXNlcjAzOCIsImlhdCI6MTc1MDUxODcyNjUxNCwiZXhwIjoxNzUwNTE4NzMwMTE0fQ.Nlp1TBKk66W6tQNO4-Bj70IYMvR4nJavbKsuTYsFEMQ,normal
2025-06-21T15:12:06.516Z,user038,/browse,ViewPage,READ,eyJhbGciOiJIUzI1NiIsInR5cCI6IkpXVCJ9.eyJ1c2VyX2lkIjoidXNlcjAzOCIsImlhdCI6MTc1MDUxODcyNjUxNCwiZXhwIjoxNzUwNTE4NzMwMTE0fQ.Nlp1TBKk66W6tQNO4-Bj70IYMvR4nJavbKsuTYsFEMQ,normal
2025-06-21T15:12:06.519Z,user038,/edit,EditContent,UPDATE,eyJhbGciOiJIUzI1NiIsInR5cCI6IkpXVCJ9.eyJ1c2VyX2lkIjoidXNlcjAzOCIsImlhdCI6MTc1MDUxODcyNjUxNCwiZXhwIjoxNzUwNTE4NzMwMTE0fQ.Nlp1TBKk66W6tQNO4-Bj70IYMvR4nJavbKsuTYsFEMQ,normal
2025-06-21T15:12:06.522Z,user038,/logout,Logout,AUTH,eyJhbGciOiJIUzI1NiIsInR5cCI6IkpXVCJ9.eyJ1c2VyX2lkIjoidXNlcjAzOCIsImlhdCI6MTc1MDUxODcyNjUxNCwiZXhwIjoxNzUwNTE4NzMwMTE0fQ.Nlp1TBKk66W6tQNO4-Bj70IYMvR4nJavbKsuTYsFEMQ,normal
2025-06-21T15:12:06.638Z,user039,/login,Login,AUTH,eyJhbGciOiJIUzI1NiIsInR5cCI6IkpXVCJ9.eyJ1c2VyX2lkIjoidXNlcjAzOSIsImlhdCI6MTc1MDUxODcyNjY0MCwiZXhwIjoxNzUwNTE4NzMwMjQwfQ.jAXedy_OPWjW6NXiVFgvtB93-0kiaMBO7iOLKWqrFNI,normal
2025-06-21T15:12:06.642Z,user039,/browse,ViewPage,READ,eyJhbGciOiJIUzI1NiIsInR5cCI6IkpXVCJ9.eyJ1c2VyX2lkIjoidXNlcjAzOSIsImlhdCI6MTc1MDUxODcyNjY0MCwiZXhwIjoxNzUwNTE4NzMwMjQwfQ.jAXedy_OPWjW6NXiVFgvtB93-0kiaMBO7iOLKWqrFNI,normal
2025-06-21T15:12:06.646Z,user039,/edit,EditContent,UPDATE,eyJhbGciOiJIUzI1NiIsInR5cCI6IkpXVCJ9.eyJ1c2VyX2lkIjoidXNlcjAzOSIsImlhdCI6MTc1MDUxODcyNjY0MCwiZXhwIjoxNzUwNTE4NzMwMjQwfQ.jAXedy_OPWjW6NXiVFgvtB93-0kiaMBO7iOLKWqrFNI,normal
2025-06-21T15:12:06.650Z,user039,/logout,Logout,AUTH,eyJhbGciOiJIUzI1NiIsInR5cCI6IkpXVCJ9.eyJ1c2VyX2lkIjoidXNlcjAzOSIsImlhdCI6MTc1MDUxODcyNjY0MCwiZXhwIjoxNzUwNTE4NzMwMjQwfQ.jAXedy_OPWjW6NXiVFgvtB93-0kiaMBO7iOLKWqrFNI,normal
2025-06-21T15:12:06.764Z,user040,/login,Login,AUTH,eyJhbGciOiJIUzI1NiIsInR5cCI6IkpXVCJ9.eyJ1c2VyX2lkIjoidXNlcjA0MCIsImlhdCI6MTc1MDUxODcyNjc2NiwiZXhwIjoxNzUwNTE4NzMwMzY2fQ.PLgHnVND8Om50D0gTN1B7I90d_0DHvEgd5U2p2GzObM,normal
2025-06-21T15:12:06.768Z,user040,/browse,ViewPage,READ,eyJhbGciOiJIUzI1NiIsInR5cCI6IkpXVCJ9.eyJ1c2VyX2lkIjoidXNlcjA0MCIsImlhdCI6MTc1MDUxODcyNjc2NiwiZXhwIjoxNzUwNTE4NzMwMzY2fQ.PLgHnVND8Om50D0gTN1B7I90d_0DHvEgd5U2p2GzObM,normal
2025-06-21T15:12:06.771Z,user040,/edit,EditContent,UPDATE,eyJhbGciOiJIUzI1NiIsInR5cCI6IkpXVCJ9.eyJ1c2VyX2lkIjoidXNlcjA0MCIsImlhdCI6MTc1MDUxODcyNjc2NiwiZXhwIjoxNzUwNTE4NzMwMzY2fQ.PLgHnVND8Om50D0gTN1B7I90d_0DHvEgd5U2p2GzObM,normal
2025-06-21T15:12:06.774Z,user040,/logout,Logout,AUTH,eyJhbGciOiJIUzI1NiIsInR5cCI6IkpXVCJ9.eyJ1c2VyX2lkIjoidXNlcjA0MCIsImlhdCI6MTc1MDUxODcyNjc2NiwiZXhwIjoxNzUwNTE4NzMwMzY2fQ.PLgHnVND8Om50D0gTN1B7I90d_0DHvEgd5U2p2GzObM,normal
2025-06-21T15:12:06.891Z,user041,/login,Login,AUTH,eyJhbGciOiJIUzI1NiIsInR5cCI6IkpXVCJ9.eyJ1c2VyX2lkIjoidXNlcjA0MSIsImlhdCI6MTc1MDUxODcyNjg5MiwiZXhwIjoxNzUwNTE4NzMwNDkyfQ.TWhlFvWipbKr9ZOOUgPe6og_7fyAAZaMFXBatSZ5KtI,normal
2025-06-21T15:12:06.894Z,user041,/browse,ViewPage,READ,eyJhbGciOiJIUzI1NiIsInR5cCI6IkpXVCJ9.eyJ1c2VyX2lkIjoidXNlcjA0MSIsImlhdCI6MTc1MDUxODcyNjg5MiwiZXhwIjoxNzUwNTE4NzMwNDkyfQ.TWhlFvWipbKr9ZOOUgPe6og_7fyAAZaMFXBatSZ5KtI,normal
2025-06-21T15:12:06.897Z,user041,/edit,EditContent,UPDATE,eyJhbGciOiJIUzI1NiIsInR5cCI6IkpXVCJ9.eyJ1c2VyX2lkIjoidXNlcjA0MSIsImlhdCI6MTc1MDUxODcyNjg5MiwiZXhwIjoxNzUwNTE4NzMwNDkyfQ.TWhlFvWipbKr9ZOOUgPe6og_7fyAAZaMFXBatSZ5KtI,normal
2025-06-21T15:12:06.900Z,user041,/logout,Logout,AUTH,eyJhbGciOiJIUzI1NiIsInR5cCI6IkpXVCJ9.eyJ1c2VyX2lkIjoidXNlcjA0MSIsImlhdCI6MTc1MDUxODcyNjg5MiwiZXhwIjoxNzUwNTE4NzMwNDkyfQ.TWhlFvWipbKr9ZOOUgPe6og_7fyAAZaMFXBatSZ5KtI,normal
2025-06-21T15:12:07.016Z,user042,/login,Login,AUTH,eyJhbGciOiJIUzI1NiIsInR5cCI6IkpXVCJ9.eyJ1c2VyX2lkIjoidXNlcjA0MiIsImlhdCI6MTc1MDUxODcyNzAxOCwiZXhwIjoxNzUwNTE4NzMwNjE4fQ.YKl1V7W-htJsK38IPB3xU6K4AnFu5hMMOEuibWPMJtM,normal
2025-06-21T15:12:07.020Z,user042,/browse,ViewPage,READ,eyJhbGciOiJIUzI1NiIsInR5cCI6IkpXVCJ9.eyJ1c2VyX2lkIjoidXNlcjA0MiIsImlhdCI6MTc1MDUxODcyNzAxOCwiZXhwIjoxNzUwNTE4NzMwNjE4fQ.YKl1V7W-htJsK38IPB3xU6K4AnFu5hMMOEuibWPMJtM,normal
2025-06-21T15:12:07.023Z,user042,/edit,EditContent,UPDATE,eyJhbGciOiJIUzI1NiIsInR5cCI6IkpXVCJ9.eyJ1c2VyX2lkIjoidXNlcjA0MiIsImlhdCI6MTc1MDUxODcyNzAxOCwiZXhwIjoxNzUwNTE4NzMwNjE4fQ.YKl1V7W-htJsK38IPB3xU6K4AnFu5hMMOEuibWPMJtM,normal
2025-06-21T15:12:07.026Z,user042,/logout,Logout,AUTH,eyJhbGciOiJIUzI1NiIsInR5cCI6IkpXVCJ9.eyJ1c2VyX2lkIjoidXNlcjA0MiIsImlhdCI6MTc1MDUxODcyNzAxOCwiZXhwIjoxNzUwNTE4NzMwNjE4fQ.YKl1V7W-htJsK38IPB3xU6K4AnFu5hMMOEuibWPMJtM,normal
2025-06-21T15:12:07.142Z,user043,/login,Login,AUTH,eyJhbGciOiJIUzI1NiIsInR5cCI6IkpXVCJ9.eyJ1c2VyX2lkIjoidXNlcjA0MyIsImlhdCI6MTc1MDUxODcyNzE0NCwiZXhwIjoxNzUwNTE4NzMwNzQ0fQ.yZVnMbfb2XkGOET2lEd6IUN9DInViGGrwMPx-SH2fIA,normal
2025-06-21T15:12:07.146Z,user043,/browse,ViewPage,READ,eyJhbGciOiJIUzI1NiIsInR5cCI6IkpXVCJ9.eyJ1c2VyX2lkIjoidXNlcjA0MyIsImlhdCI6MTc1MDUxODcyNzE0NCwiZXhwIjoxNzUwNTE4NzMwNzQ0fQ.yZVnMbfb2XkGOET2lEd6IUN9DInViGGrwMPx-SH2fIA,normal
2025-06-21T15:12:07.149Z,user043,/edit,EditContent,UPDATE,eyJhbGciOiJIUzI1NiIsInR5cCI6IkpXVCJ9.eyJ1c2VyX2lkIjoidXNlcjA0MyIsImlhdCI6MTc1MDUxODcyNzE0NCwiZXhwIjoxNzUwNTE4NzMwNzQ0fQ.yZVnMbfb2XkGOET2lEd6IUN9DInViGGrwMPx-SH2fIA,normal
2025-06-21T15:12:07.153Z,user043,/logout,Logout,AUTH,eyJhbGciOiJIUzI1NiIsInR5cCI6IkpXVCJ9.eyJ1c2VyX2lkIjoidXNlcjA0MyIsImlhdCI6MTc1MDUxODcyNzE0NCwiZXhwIjoxNzUwNTE4NzMwNzQ0fQ.yZVnMbfb2XkGOET2lEd6IUN9DInViGGrwMPx-SH2fIA,normal
2025-06-21T15:12:07.268Z,user044,/login,Login,AUTH,eyJhbGciOiJIUzI1NiIsInR5cCI6IkpXVCJ9.eyJ1c2VyX2lkIjoidXNlcjA0NCIsImlhdCI6MTc1MDUxODcyNzI2OSwiZXhwIjoxNzUwNTE4NzMwODY5fQ.vXhJYXIcuvhxMCvopxv3EZ5hXd-12_o2e-QD3G-VbOU,normal
2025-06-21T15:12:07.272Z,user044,/browse,ViewPage,READ,eyJhbGciOiJIUzI1NiIsInR5cCI6IkpXVCJ9.eyJ1c2VyX2lkIjoidXNlcjA0NCIsImlhdCI6MTc1MDUxODcyNzI2OSwiZXhwIjoxNzUwNTE4NzMwODY5fQ.vXhJYXIcuvhxMCvopxv3EZ5hXd-12_o2e-QD3G-VbOU,normal
2025-06-21T15:12:07.274Z,user044,/edit,EditContent,UPDATE,eyJhbGciOiJIUzI1NiIsInR5cCI6IkpXVCJ9.eyJ1c2VyX2lkIjoidXNlcjA0NCIsImlhdCI6MTc1MDUxODcyNzI2OSwiZXhwIjoxNzUwNTE4NzMwODY5fQ.vXhJYXIcuvhxMCvopxv3EZ5hXd-12_o2e-QD3G-VbOU,normal
2025-06-21T15:12:07.277Z,user044,/logout,Logout,AUTH,eyJhbGciOiJIUzI1NiIsInR5cCI6IkpXVCJ9.eyJ1c2VyX2lkIjoidXNlcjA0NCIsImlhdCI6MTc1MDUxODcyNzI2OSwiZXhwIjoxNzUwNTE4NzMwODY5fQ.vXhJYXIcuvhxMCvopxv3EZ5hXd-12_o2e-QD3G-VbOU,normal
2025-06-21T15:12:07.394Z,user045,/login,Login,AUTH,eyJhbGciOiJIUzI1NiIsInR5cCI6IkpXVCJ9.eyJ1c2VyX2lkIjoidXNlcjA0NSIsImlhdCI6MTc1MDUxODcyNzM5NSwiZXhwIjoxNzUwNTE4NzMwOTk1fQ.fyzTOQfkgUZo9rx9gF5i0S1jiTMc2olp2IvrWW9C8Xo,normal
2025-06-21T15:12:07.397Z,user045,/browse,ViewPage,READ,eyJhbGciOiJIUzI1NiIsInR5cCI6IkpXVCJ9.eyJ1c2VyX2lkIjoidXNlcjA0NSIsImlhdCI6MTc1MDUxODcyNzM5NSwiZXhwIjoxNzUwNTE4NzMwOTk1fQ.fyzTOQfkgUZo9rx9gF5i0S1jiTMc2olp2IvrWW9C8Xo,normal
2025-06-21T15:12:07.400Z,user045,/edit,EditContent,UPDATE,eyJhbGciOiJIUzI1NiIsInR5cCI6IkpXVCJ9.eyJ1c2VyX2lkIjoidXNlcjA0NSIsImlhdCI6MTc1MDUxODcyNzM5NSwiZXhwIjoxNzUwNTE4NzMwOTk1fQ.fyzTOQfkgUZo9rx9gF5i0S1jiTMc2olp2IvrWW9C8Xo,normal
2025-06-21T15:12:07.403Z,user045,/logout,Logout,AUTH,eyJhbGciOiJIUzI1NiIsInR5cCI6IkpXVCJ9.eyJ1c2VyX2lkIjoidXNlcjA0NSIsImlhdCI6MTc1MDUxODcyNzM5NSwiZXhwIjoxNzUwNTE4NzMwOTk1fQ.fyzTOQfkgUZo9rx9gF5i0S1jiTMc2olp2IvrWW9C8Xo,normal
2025-06-21T15:12:07.520Z,user046,/login,Login,AUTH,eyJhbGciOiJIUzI1NiIsInR5cCI6IkpXVCJ9.eyJ1c2VyX2lkIjoidXNlcjA0NiIsImlhdCI6MTc1MDUxODcyNzUyMiwiZXhwIjoxNzUwNTE4NzMxMTIyfQ.JOMNMuw93q0-K0GLZiGnMJudHrgjgM8nfMbVBSfljwA,normal
2025-06-21T15:12:07.524Z,user046,/browse,ViewPage,READ,eyJhbGciOiJIUzI1NiIsInR5cCI6IkpXVCJ9.eyJ1c2VyX2lkIjoidXNlcjA0NiIsImlhdCI6MTc1MDUxODcyNzUyMiwiZXhwIjoxNzUwNTE4NzMxMTIyfQ.JOMNMuw93q0-K0GLZiGnMJudHrgjgM8nfMbVBSfljwA,normal
2025-06-21T15:12:07.527Z,user046,/edit,EditContent,UPDATE,eyJhbGciOiJIUzI1NiIsInR5cCI6IkpXVCJ9.eyJ1c2VyX2lkIjoidXNlcjA0NiIsImlhdCI6MTc1MDUxODcyNzUyMiwiZXhwIjoxNzUwNTE4NzMxMTIyfQ.JOMNMuw93q0-K0GLZiGnMJudHrgjgM8nfMbVBSfljwA,normal
2025-06-21T15:12:07.529Z,user046,/logout,Logout,AUTH,eyJhbGciOiJIUzI1NiIsInR5cCI6IkpXVCJ9.eyJ1c2VyX2lkIjoidXNlcjA0NiIsImlhdCI6MTc1MDUxODcyNzUyMiwiZXhwIjoxNzUwNTE4NzMxMTIyfQ.JOMNMuw93q0-K0GLZiGnMJudHrgjgM8nfMbVBSfljwA,normal
2025-06-21T15:12:07.645Z,user047,/login,Login,AUTH,eyJhbGciOiJIUzI1NiIsInR5cCI6IkpXVCJ9.eyJ1c2VyX2lkIjoidXNlcjA0NyIsImlhdCI6MTc1MDUxODcyNzY0NywiZXhwIjoxNzUwNTE4NzMxMjQ3fQ.NhbFmMbyhe9-F40Gybmw4fdFXXFDP6V85BzYXXrPSIg,normal
2025-06-21T15:12:07.649Z,user047,/browse,ViewPage,READ,eyJhbGciOiJIUzI1NiIsInR5cCI6IkpXVCJ9.eyJ1c2VyX2lkIjoidXNlcjA0NyIsImlhdCI6MTc1MDUxODcyNzY0NywiZXhwIjoxNzUwNTE4NzMxMjQ3fQ.NhbFmMbyhe9-F40Gybmw4fdFXXFDP6V85BzYXXrPSIg,normal
2025-06-21T15:12:07.652Z,user047,/edit,EditContent,UPDATE,eyJhbGciOiJIUzI1NiIsInR5cCI6IkpXVCJ9.eyJ1c2VyX2lkIjoidXNlcjA0NyIsImlhdCI6MTc1MDUxODcyNzY0NywiZXhwIjoxNzUwNTE4NzMxMjQ3fQ.NhbFmMbyhe9-F40Gybmw4fdFXXFDP6V85BzYXXrPSIg,normal
2025-06-21T15:12:07.655Z,user047,/logout,Logout,AUTH,eyJhbGciOiJIUzI1NiIsInR5cCI6IkpXVCJ9.eyJ1c2VyX2lkIjoidXNlcjA0NyIsImlhdCI6MTc1MDUxODcyNzY0NywiZXhwIjoxNzUwNTE4NzMxMjQ3fQ.NhbFmMbyhe9-F40Gybmw4fdFXXFDP6V85BzYXXrPSIg,normal
2025-06-21T15:12:07.772Z,user048,/login,Login,AUTH,eyJhbGciOiJIUzI1NiIsInR5cCI6IkpXVCJ9.eyJ1c2VyX2lkIjoidXNlcjA0OCIsImlhdCI6MTc1MDUxODcyNzc3NCwiZXhwIjoxNzUwNTE4NzMxMzc0fQ.SwqJSEf88dfP5n2dZvAIbWAtPiLcjVukr32w-Tgoq3o,normal
2025-06-21T15:12:07.776Z,user048,/browse,ViewPage,READ,eyJhbGciOiJIUzI1NiIsInR5cCI6IkpXVCJ9.eyJ1c2VyX2lkIjoidXNlcjA0OCIsImlhdCI6MTc1MDUxODcyNzc3NCwiZXhwIjoxNzUwNTE4NzMxMzc0fQ.SwqJSEf88dfP5n2dZvAIbWAtPiLcjVukr32w-Tgoq3o,normal
2025-06-21T15:12:07.779Z,user048,/edit,EditContent,UPDATE,eyJhbGciOiJIUzI1NiIsInR5cCI6IkpXVCJ9.eyJ1c2VyX2lkIjoidXNlcjA0OCIsImlhdCI6MTc1MDUxODcyNzc3NCwiZXhwIjoxNzUwNTE4NzMxMzc0fQ.SwqJSEf88dfP5n2dZvAIbWAtPiLcjVukr32w-Tgoq3o,normal
2025-06-21T15:12:07.782Z,user048,/logout,Logout,AUTH,eyJhbGciOiJIUzI1NiIsInR5cCI6IkpXVCJ9.eyJ1c2VyX2lkIjoidXNlcjA0OCIsImlhdCI6MTc1MDUxODcyNzc3NCwiZXhwIjoxNzUwNTE4NzMxMzc0fQ.SwqJSEf88dfP5n2dZvAIbWAtPiLcjVukr32w-Tgoq3o,normal
2025-06-21T15:12:07.898Z,user049,/login,Login,AUTH,eyJhbGciOiJIUzI1NiIsInR5cCI6IkpXVCJ9.eyJ1c2VyX2lkIjoidXNlcjA0OSIsImlhdCI6MTc1MDUxODcyNzg5OSwiZXhwIjoxNzUwNTE4NzMxNDk5fQ.ET7LZ2UEXag1BXV2O1BH-kuzPGFucZlOBcpxkNYZDyU,normal
2025-06-21T15:12:07.902Z,user049,/browse,ViewPage,READ,eyJhbGciOiJIUzI1NiIsInR5cCI6IkpXVCJ9.eyJ1c2VyX2lkIjoidXNlcjA0OSIsImlhdCI6MTc1MDUxODcyNzg5OSwiZXhwIjoxNzUwNTE4NzMxNDk5fQ.ET7LZ2UEXag1BXV2O1BH-kuzPGFucZlOBcpxkNYZDyU,normal
2025-06-21T15:12:07.905Z,user049,/edit,EditContent,UPDATE,eyJhbGciOiJIUzI1NiIsInR5cCI6IkpXVCJ9.eyJ1c2VyX2lkIjoidXNlcjA0OSIsImlhdCI6MTc1MDUxODcyNzg5OSwiZXhwIjoxNzUwNTE4NzMxNDk5fQ.ET7LZ2UEXag1BXV2O1BH-kuzPGFucZlOBcpxkNYZDyU,normal
2025-06-21T15:12:07.908Z,user049,/logout,Logout,AUTH,eyJhbGciOiJIUzI1NiIsInR5cCI6IkpXVCJ9.eyJ1c2VyX2lkIjoidXNlcjA0OSIsImlhdCI6MTc1MDUxODcyNzg5OSwiZXhwIjoxNzUwNTE4NzMxNDk5fQ.ET7LZ2UEXag1BXV2O1BH-kuzPGFucZlOBcpxkNYZDyU,normal
2025-06-21T15:12:08.023Z,user050,/login,Login,AUTH,eyJhbGciOiJIUzI1NiIsInR5cCI6IkpXVCJ9.eyJ1c2VyX2lkIjoidXNlcjA1MCIsImlhdCI6MTc1MDUxODcyODAyNywiZXhwIjoxNzUwNTE4NzMxNjI3fQ.ZuCdrXpqRbcEtaBh0hrp9VMHspQoBBemm-JyeEUSXus,normal
2025-06-21T15:12:08.029Z,user050,/browse,ViewPage,READ,eyJhbGciOiJIUzI1NiIsInR5cCI6IkpXVCJ9.eyJ1c2VyX2lkIjoidXNlcjA1MCIsImlhdCI6MTc1MDUxODcyODAyNywiZXhwIjoxNzUwNTE4NzMxNjI3fQ.ZuCdrXpqRbcEtaBh0hrp9VMHspQoBBemm-JyeEUSXus,normal
2025-06-21T15:12:08.032Z,user050,/edit,EditContent,UPDATE,eyJhbGciOiJIUzI1NiIsInR5cCI6IkpXVCJ9.eyJ1c2VyX2lkIjoidXNlcjA1MCIsImlhdCI6MTc1MDUxODcyODAyNywiZXhwIjoxNzUwNTE4NzMxNjI3fQ.ZuCdrXpqRbcEtaBh0hrp9VMHspQoBBemm-JyeEUSXus,normal
2025-06-21T15:12:08.035Z,user050,/logout,Logout,AUTH,eyJhbGciOiJIUzI1NiIsInR5cCI6IkpXVCJ9.eyJ1c2VyX2lkIjoidXNlcjA1MCIsImlhdCI6MTc1MDUxODcyODAyNywiZXhwIjoxNzUwNTE4NzMxNjI3fQ.ZuCdrXpqRbcEtaBh0hrp9VMHspQoBBemm-JyeEUSXus,normal
2025-06-21T15:12:08.149Z,user051,/login,Login,AUTH,eyJhbGciOiJIUzI1NiIsInR5cCI6IkpXVCJ9.eyJ1c2VyX2lkIjoidXNlcjA1MSIsImlhdCI6MTc1MDUxODcyODE1MSwiZXhwIjoxNzUwNTE4NzMxNzUxfQ.CpCFI5Ylvh5Fka2D97lcjfedEdwXwWn8_oMgn54ZoBo,normal
2025-06-21T15:12:08.153Z,user051,/browse,ViewPage,READ,eyJhbGciOiJIUzI1NiIsInR5cCI6IkpXVCJ9.eyJ1c2VyX2lkIjoidXNlcjA1MSIsImlhdCI6MTc1MDUxODcyODE1MSwiZXhwIjoxNzUwNTE4NzMxNzUxfQ.CpCFI5Ylvh5Fka2D97lcjfedEdwXwWn8_oMgn54ZoBo,normal
2025-06-21T15:12:08.156Z,user051,/edit,EditContent,UPDATE,eyJhbGciOiJIUzI1NiIsInR5cCI6IkpXVCJ9.eyJ1c2VyX2lkIjoidXNlcjA1MSIsImlhdCI6MTc1MDUxODcyODE1MSwiZXhwIjoxNzUwNTE4NzMxNzUxfQ.CpCFI5Ylvh5Fka2D97lcjfedEdwXwWn8_oMgn54ZoBo,normal
2025-06-21T15:12:08.159Z,user051,/logout,Logout,AUTH,eyJhbGciOiJIUzI1NiIsInR5cCI6IkpXVCJ9.eyJ1c2VyX2lkIjoidXNlcjA1MSIsImlhdCI6MTc1MDUxODcyODE1MSwiZXhwIjoxNzUwNTE4NzMxNzUxfQ.CpCFI5Ylvh5Fka2D97lcjfedEdwXwWn8_oMgn54ZoBo,normal
2025-06-21T15:12:08.275Z,user052,/login,Login,AUTH,eyJhbGciOiJIUzI1NiIsInR5cCI6IkpXVCJ9.eyJ1c2VyX2lkIjoidXNlcjA1MiIsImlhdCI6MTc1MDUxODcyODI3NywiZXhwIjoxNzUwNTE4NzMxODc3fQ.tKGuxGzlcIiMCSEod6jzNKJyMY4B1DBju51V-oYqII8,normal
2025-06-21T15:12:08.279Z,user052,/browse,ViewPage,READ,eyJhbGciOiJIUzI1NiIsInR5cCI6IkpXVCJ9.eyJ1c2VyX2lkIjoidXNlcjA1MiIsImlhdCI6MTc1MDUxODcyODI3NywiZXhwIjoxNzUwNTE4NzMxODc3fQ.tKGuxGzlcIiMCSEod6jzNKJyMY4B1DBju51V-oYqII8,normal
2025-06-21T15:12:08.281Z,user052,/edit,EditContent,UPDATE,eyJhbGciOiJIUzI1NiIsInR5cCI6IkpXVCJ9.eyJ1c2VyX2lkIjoidXNlcjA1MiIsImlhdCI6MTc1MDUxODcyODI3NywiZXhwIjoxNzUwNTE4NzMxODc3fQ.tKGuxGzlcIiMCSEod6jzNKJyMY4B1DBju51V-oYqII8,normal
2025-06-21T15:12:08.284Z,user052,/logout,Logout,AUTH,eyJhbGciOiJIUzI1NiIsInR5cCI6IkpXVCJ9.eyJ1c2VyX2lkIjoidXNlcjA1MiIsImlhdCI6MTc1MDUxODcyODI3NywiZXhwIjoxNzUwNTE4NzMxODc3fQ.tKGuxGzlcIiMCSEod6jzNKJyMY4B1DBju51V-oYqII8,normal
2025-06-21T15:12:08.401Z,user053,/login,Login,AUTH,eyJhbGciOiJIUzI1NiIsInR5cCI6IkpXVCJ9.eyJ1c2VyX2lkIjoidXNlcjA1MyIsImlhdCI6MTc1MDUxODcyODQwMiwiZXhwIjoxNzUwNTE4NzMyMDAyfQ.lTJQXywgqfVV6g06hlkL45b_wP8Kfp0ZUil0JNOf-GY,normal
2025-06-21T15:12:08.405Z,user053,/browse,ViewPage,READ,eyJhbGciOiJIUzI1NiIsInR5cCI6IkpXVCJ9.eyJ1c2VyX2lkIjoidXNlcjA1MyIsImlhdCI6MTc1MDUxODcyODQwMiwiZXhwIjoxNzUwNTE4NzMyMDAyfQ.lTJQXywgqfVV6g06hlkL45b_wP8Kfp0ZUil0JNOf-GY,normal
2025-06-21T15:12:08.407Z,user053,/edit,EditContent,UPDATE,eyJhbGciOiJIUzI1NiIsInR5cCI6IkpXVCJ9.eyJ1c2VyX2lkIjoidXNlcjA1MyIsImlhdCI6MTc1MDUxODcyODQwMiwiZXhwIjoxNzUwNTE4NzMyMDAyfQ.lTJQXywgqfVV6g06hlkL45b_wP8Kfp0ZUil0JNOf-GY,normal
2025-06-21T15:12:08.410Z,user053,/logout,Logout,AUTH,eyJhbGciOiJIUzI1NiIsInR5cCI6IkpXVCJ9.eyJ1c2VyX2lkIjoidXNlcjA1MyIsImlhdCI6MTc1MDUxODcyODQwMiwiZXhwIjoxNzUwNTE4NzMyMDAyfQ.lTJQXywgqfVV6g06hlkL45b_wP8Kfp0ZUil0JNOf-GY,normal
2025-06-21T15:12:08.525Z,user054,/login,Login,AUTH,eyJhbGciOiJIUzI1NiIsInR5cCI6IkpXVCJ9.eyJ1c2VyX2lkIjoidXNlcjA1NCIsImlhdCI6MTc1MDUxODcyODUyNywiZXhwIjoxNzUwNTE4NzMyMTI3fQ.uu8Ya21-5l5fLR8bLThh1oBarHGna9jrlrH1ykqCdeU,normal
2025-06-21T15:12:08.529Z,user054,/browse,ViewPage,READ,eyJhbGciOiJIUzI1NiIsInR5cCI6IkpXVCJ9.eyJ1c2VyX2lkIjoidXNlcjA1NCIsImlhdCI6MTc1MDUxODcyODUyNywiZXhwIjoxNzUwNTE4NzMyMTI3fQ.uu8Ya21-5l5fLR8bLThh1oBarHGna9jrlrH1ykqCdeU,normal
2025-06-21T15:12:08.532Z,user054,/edit,EditContent,UPDATE,eyJhbGciOiJIUzI1NiIsInR5cCI6IkpXVCJ9.eyJ1c2VyX2lkIjoidXNlcjA1NCIsImlhdCI6MTc1MDUxODcyODUyNywiZXhwIjoxNzUwNTE4NzMyMTI3fQ.uu8Ya21-5l5fLR8bLThh1oBarHGna9jrlrH1ykqCdeU,normal
2025-06-21T15:12:08.535Z,user054,/logout,Logout,AUTH,eyJhbGciOiJIUzI1NiIsInR5cCI6IkpXVCJ9.eyJ1c2VyX2lkIjoidXNlcjA1NCIsImlhdCI6MTc1MDUxODcyODUyNywiZXhwIjoxNzUwNTE4NzMyMTI3fQ.uu8Ya21-5l5fLR8bLThh1oBarHGna9jrlrH1ykqCdeU,normal
2025-06-21T15:12:08.650Z,user055,/login,Login,AUTH,eyJhbGciOiJIUzI1NiIsInR5cCI6IkpXVCJ9.eyJ1c2VyX2lkIjoidXNlcjA1NSIsImlhdCI6MTc1MDUxODcyODY1MiwiZXhwIjoxNzUwNTE4NzMyMjUyfQ.eYbLQO17gc9hjQrDDK2UZbjLlDMNjFoZIA2SeE2tsj0,normal
2025-06-21T15:12:08.655Z,user055,/browse,ViewPage,READ,eyJhbGciOiJIUzI1NiIsInR5cCI6IkpXVCJ9.eyJ1c2VyX2lkIjoidXNlcjA1NSIsImlhdCI6MTc1MDUxODcyODY1MiwiZXhwIjoxNzUwNTE4NzMyMjUyfQ.eYbLQO17gc9hjQrDDK2UZbjLlDMNjFoZIA2SeE2tsj0,normal
2025-06-21T15:12:08.658Z,user055,/edit,EditContent,UPDATE,eyJhbGciOiJIUzI1NiIsInR5cCI6IkpXVCJ9.eyJ1c2VyX2lkIjoidXNlcjA1NSIsImlhdCI6MTc1MDUxODcyODY1MiwiZXhwIjoxNzUwNTE4NzMyMjUyfQ.eYbLQO17gc9hjQrDDK2UZbjLlDMNjFoZIA2SeE2tsj0,normal
2025-06-21T15:12:08.661Z,user055,/logout,Logout,AUTH,eyJhbGciOiJIUzI1NiIsInR5cCI6IkpXVCJ9.eyJ1c2VyX2lkIjoidXNlcjA1NSIsImlhdCI6MTc1MDUxODcyODY1MiwiZXhwIjoxNzUwNTE4NzMyMjUyfQ.eYbLQO17gc9hjQrDDK2UZbjLlDMNjFoZIA2SeE2tsj0,normal
2025-06-21T15:12:08.776Z,user056,/login,Login,AUTH,eyJhbGciOiJIUzI1NiIsInR5cCI6IkpXVCJ9.eyJ1c2VyX2lkIjoidXNlcjA1NiIsImlhdCI6MTc1MDUxODcyODc3OCwiZXhwIjoxNzUwNTE4NzMyMzc4fQ.Rl-rKaVTNrluu2jhVXL5jxe2E1N2-tg47zkEOa97C5c,normal
2025-06-21T15:12:08.781Z,user056,/browse,ViewPage,READ,eyJhbGciOiJIUzI1NiIsInR5cCI6IkpXVCJ9.eyJ1c2VyX2lkIjoidXNlcjA1NiIsImlhdCI6MTc1MDUxODcyODc3OCwiZXhwIjoxNzUwNTE4NzMyMzc4fQ.Rl-rKaVTNrluu2jhVXL5jxe2E1N2-tg47zkEOa97C5c,normal
2025-06-21T15:12:08.784Z,user056,/edit,EditContent,UPDATE,eyJhbGciOiJIUzI1NiIsInR5cCI6IkpXVCJ9.eyJ1c2VyX2lkIjoidXNlcjA1NiIsImlhdCI6MTc1MDUxODcyODc3OCwiZXhwIjoxNzUwNTE4NzMyMzc4fQ.Rl-rKaVTNrluu2jhVXL5jxe2E1N2-tg47zkEOa97C5c,normal
2025-06-21T15:12:08.788Z,user056,/logout,Logout,AUTH,eyJhbGciOiJIUzI1NiIsInR5cCI6IkpXVCJ9.eyJ1c2VyX2lkIjoidXNlcjA1NiIsImlhdCI6MTc1MDUxODcyODc3OCwiZXhwIjoxNzUwNTE4NzMyMzc4fQ.Rl-rKaVTNrluu2jhVXL5jxe2E1N2-tg47zkEOa97C5c,normal
2025-06-21T15:12:08.902Z,user057,/login,Login,AUTH,eyJhbGciOiJIUzI1NiIsInR5cCI6IkpXVCJ9.eyJ1c2VyX2lkIjoidXNlcjA1NyIsImlhdCI6MTc1MDUxODcyODkwNCwiZXhwIjoxNzUwNTE4NzMyNTA0fQ.BOhejnygU9cZ0IIemCFaHvOIeKQ0ZtRmAjJGcT1ZPcA,normal
2025-06-21T15:12:08.907Z,user057,/browse,ViewPage,READ,eyJhbGciOiJIUzI1NiIsInR5cCI6IkpXVCJ9.eyJ1c2VyX2lkIjoidXNlcjA1NyIsImlhdCI6MTc1MDUxODcyODkwNCwiZXhwIjoxNzUwNTE4NzMyNTA0fQ.BOhejnygU9cZ0IIemCFaHvOIeKQ0ZtRmAjJGcT1ZPcA,normal
2025-06-21T15:12:08.913Z,user057,/edit,EditContent,UPDATE,eyJhbGciOiJIUzI1NiIsInR5cCI6IkpXVCJ9.eyJ1c2VyX2lkIjoidXNlcjA1NyIsImlhdCI6MTc1MDUxODcyODkwNCwiZXhwIjoxNzUwNTE4NzMyNTA0fQ.BOhejnygU9cZ0IIemCFaHvOIeKQ0ZtRmAjJGcT1ZPcA,normal
2025-06-21T15:12:08.919Z,user057,/logout,Logout,AUTH,eyJhbGciOiJIUzI1NiIsInR5cCI6IkpXVCJ9.eyJ1c2VyX2lkIjoidXNlcjA1NyIsImlhdCI6MTc1MDUxODcyODkwNCwiZXhwIjoxNzUwNTE4NzMyNTA0fQ.BOhejnygU9cZ0IIemCFaHvOIeKQ0ZtRmAjJGcT1ZPcA,normal
2025-06-21T15:12:09.027Z,user058,/login,Login,AUTH,eyJhbGciOiJIUzI1NiIsInR5cCI6IkpXVCJ9.eyJ1c2VyX2lkIjoidXNlcjA1OCIsImlhdCI6MTc1MDUxODcyOTAyOSwiZXhwIjoxNzUwNTE4NzMyNjI5fQ.3rg6nwb6IZ5ghzNpcrwjfoF5KIrDpcZ77lxxihFljgU,normal
2025-06-21T15:12:09.031Z,user058,/browse,ViewPage,READ,eyJhbGciOiJIUzI1NiIsInR5cCI6IkpXVCJ9.eyJ1c2VyX2lkIjoidXNlcjA1OCIsImlhdCI6MTc1MDUxODcyOTAyOSwiZXhwIjoxNzUwNTE4NzMyNjI5fQ.3rg6nwb6IZ5ghzNpcrwjfoF5KIrDpcZ77lxxihFljgU,normal
2025-06-21T15:12:09.034Z,user058,/edit,EditContent,UPDATE,eyJhbGciOiJIUzI1NiIsInR5cCI6IkpXVCJ9.eyJ1c2VyX2lkIjoidXNlcjA1OCIsImlhdCI6MTc1MDUxODcyOTAyOSwiZXhwIjoxNzUwNTE4NzMyNjI5fQ.3rg6nwb6IZ5ghzNpcrwjfoF5KIrDpcZ77lxxihFljgU,normal
2025-06-21T15:12:09.038Z,user058,/logout,Logout,AUTH,eyJhbGciOiJIUzI1NiIsInR5cCI6IkpXVCJ9.eyJ1c2VyX2lkIjoidXNlcjA1OCIsImlhdCI6MTc1MDUxODcyOTAyOSwiZXhwIjoxNzUwNTE4NzMyNjI5fQ.3rg6nwb6IZ5ghzNpcrwjfoF5KIrDpcZ77lxxihFljgU,normal
2025-06-21T15:12:09.153Z,user059,/login,Login,AUTH,eyJhbGciOiJIUzI1NiIsInR5cCI6IkpXVCJ9.eyJ1c2VyX2lkIjoidXNlcjA1OSIsImlhdCI6MTc1MDUxODcyOTE1NiwiZXhwIjoxNzUwNTE4NzMyNzU2fQ.7QITC_NzOK9zLT6A7ov4WJTX0qN_WLW0QZifXyLNf2k,normal
2025-06-21T15:12:09.159Z,user059,/browse,ViewPage,READ,eyJhbGciOiJIUzI1NiIsInR5cCI6IkpXVCJ9.eyJ1c2VyX2lkIjoidXNlcjA1OSIsImlhdCI6MTc1MDUxODcyOTE1NiwiZXhwIjoxNzUwNTE4NzMyNzU2fQ.7QITC_NzOK9zLT6A7ov4WJTX0qN_WLW0QZifXyLNf2k,normal
2025-06-21T15:12:09.163Z,user059,/edit,EditContent,UPDATE,eyJhbGciOiJIUzI1NiIsInR5cCI6IkpXVCJ9.eyJ1c2VyX2lkIjoidXNlcjA1OSIsImlhdCI6MTc1MDUxODcyOTE1NiwiZXhwIjoxNzUwNTE4NzMyNzU2fQ.7QITC_NzOK9zLT6A7ov4WJTX0qN_WLW0QZifXyLNf2k,normal
2025-06-21T15:12:09.166Z,user059,/logout,Logout,AUTH,eyJhbGciOiJIUzI1NiIsInR5cCI6IkpXVCJ9.eyJ1c2VyX2lkIjoidXNlcjA1OSIsImlhdCI6MTc1MDUxODcyOTE1NiwiZXhwIjoxNzUwNTE4NzMyNzU2fQ.7QITC_NzOK9zLT6A7ov4WJTX0qN_WLW0QZifXyLNf2k,normal
2025-06-21T15:12:09.276Z,user060,/login,Login,AUTH,eyJhbGciOiJIUzI1NiIsInR5cCI6IkpXVCJ9.eyJ1c2VyX2lkIjoidXNlcjA2MCIsImlhdCI6MTc1MDUxODcyOTI3OCwiZXhwIjoxNzUwNTE4NzMyODc4fQ.aYhXpoYwYp9_kGVXyJAmqbzEHdyMHj-e1pySeoyshhY,normal
2025-06-21T15:12:09.281Z,user060,/browse,ViewPage,READ,eyJhbGciOiJIUzI1NiIsInR5cCI6IkpXVCJ9.eyJ1c2VyX2lkIjoidXNlcjA2MCIsImlhdCI6MTc1MDUxODcyOTI3OCwiZXhwIjoxNzUwNTE4NzMyODc4fQ.aYhXpoYwYp9_kGVXyJAmqbzEHdyMHj-e1pySeoyshhY,normal
2025-06-21T15:12:09.284Z,user060,/edit,EditContent,UPDATE,eyJhbGciOiJIUzI1NiIsInR5cCI6IkpXVCJ9.eyJ1c2VyX2lkIjoidXNlcjA2MCIsImlhdCI6MTc1MDUxODcyOTI3OCwiZXhwIjoxNzUwNTE4NzMyODc4fQ.aYhXpoYwYp9_kGVXyJAmqbzEHdyMHj-e1pySeoyshhY,normal
2025-06-21T15:12:09.287Z,user060,/logout,Logout,AUTH,eyJhbGciOiJIUzI1NiIsInR5cCI6IkpXVCJ9.eyJ1c2VyX2lkIjoidXNlcjA2MCIsImlhdCI6MTc1MDUxODcyOTI3OCwiZXhwIjoxNzUwNTE4NzMyODc4fQ.aYhXpoYwYp9_kGVXyJAmqbzEHdyMHj-e1pySeoyshhY,normal
2025-06-21T15:12:09.402Z,user061,/login,Login,AUTH,eyJhbGciOiJIUzI1NiIsInR5cCI6IkpXVCJ9.eyJ1c2VyX2lkIjoidXNlcjA2MSIsImlhdCI6MTc1MDUxODcyOTQwMywiZXhwIjoxNzUwNTE4NzMzMDAzfQ.96D64LtqdMv4kdpteB2NwCJo3hZ7VerPdoKrJkC-CP4,normal
2025-06-21T15:12:09.405Z,user061,/browse,ViewPage,READ,eyJhbGciOiJIUzI1NiIsInR5cCI6IkpXVCJ9.eyJ1c2VyX2lkIjoidXNlcjA2MSIsImlhdCI6MTc1MDUxODcyOTQwMywiZXhwIjoxNzUwNTE4NzMzMDAzfQ.96D64LtqdMv4kdpteB2NwCJo3hZ7VerPdoKrJkC-CP4,normal
2025-06-21T15:12:09.408Z,user061,/edit,EditContent,UPDATE,eyJhbGciOiJIUzI1NiIsInR5cCI6IkpXVCJ9.eyJ1c2VyX2lkIjoidXNlcjA2MSIsImlhdCI6MTc1MDUxODcyOTQwMywiZXhwIjoxNzUwNTE4NzMzMDAzfQ.96D64LtqdMv4kdpteB2NwCJo3hZ7VerPdoKrJkC-CP4,normal
2025-06-21T15:12:09.411Z,user061,/logout,Logout,AUTH,eyJhbGciOiJIUzI1NiIsInR5cCI6IkpXVCJ9.eyJ1c2VyX2lkIjoidXNlcjA2MSIsImlhdCI6MTc1MDUxODcyOTQwMywiZXhwIjoxNzUwNTE4NzMzMDAzfQ.96D64LtqdMv4kdpteB2NwCJo3hZ7VerPdoKrJkC-CP4,normal
2025-06-21T15:12:09.528Z,user062,/login,Login,AUTH,eyJhbGciOiJIUzI1NiIsInR5cCI6IkpXVCJ9.eyJ1c2VyX2lkIjoidXNlcjA2MiIsImlhdCI6MTc1MDUxODcyOTUzMCwiZXhwIjoxNzUwNTE4NzMzMTMwfQ.q5nW5eUhpShkbnMX5VXmelD1oncOZ3JZAQ4j6gYrST8,normal
2025-06-21T15:12:09.532Z,user062,/browse,ViewPage,READ,eyJhbGciOiJIUzI1NiIsInR5cCI6IkpXVCJ9.eyJ1c2VyX2lkIjoidXNlcjA2MiIsImlhdCI6MTc1MDUxODcyOTUzMCwiZXhwIjoxNzUwNTE4NzMzMTMwfQ.q5nW5eUhpShkbnMX5VXmelD1oncOZ3JZAQ4j6gYrST8,normal
2025-06-21T15:12:09.535Z,user062,/edit,EditContent,UPDATE,eyJhbGciOiJIUzI1NiIsInR5cCI6IkpXVCJ9.eyJ1c2VyX2lkIjoidXNlcjA2MiIsImlhdCI6MTc1MDUxODcyOTUzMCwiZXhwIjoxNzUwNTE4NzMzMTMwfQ.q5nW5eUhpShkbnMX5VXmelD1oncOZ3JZAQ4j6gYrST8,normal
2025-06-21T15:12:09.538Z,user062,/logout,Logout,AUTH,eyJhbGciOiJIUzI1NiIsInR5cCI6IkpXVCJ9.eyJ1c2VyX2lkIjoidXNlcjA2MiIsImlhdCI6MTc1MDUxODcyOTUzMCwiZXhwIjoxNzUwNTE4NzMzMTMwfQ.q5nW5eUhpShkbnMX5VXmelD1oncOZ3JZAQ4j6gYrST8,normal
2025-06-21T15:12:09.655Z,user063,/login,Login,AUTH,eyJhbGciOiJIUzI1NiIsInR5cCI6IkpXVCJ9.eyJ1c2VyX2lkIjoidXNlcjA2MyIsImlhdCI6MTc1MDUxODcyOTY1NywiZXhwIjoxNzUwNTE4NzMzMjU3fQ.UlvElVQoKaUDyw3RE9lHaS9EoNisKT8mLJNK4DzhY7g,normal
2025-06-21T15:12:09.659Z,user063,/browse,ViewPage,READ,eyJhbGciOiJIUzI1NiIsInR5cCI6IkpXVCJ9.eyJ1c2VyX2lkIjoidXNlcjA2MyIsImlhdCI6MTc1MDUxODcyOTY1NywiZXhwIjoxNzUwNTE4NzMzMjU3fQ.UlvElVQoKaUDyw3RE9lHaS9EoNisKT8mLJNK4DzhY7g,normal
2025-06-21T15:12:09.662Z,user063,/edit,EditContent,UPDATE,eyJhbGciOiJIUzI1NiIsInR5cCI6IkpXVCJ9.eyJ1c2VyX2lkIjoidXNlcjA2MyIsImlhdCI6MTc1MDUxODcyOTY1NywiZXhwIjoxNzUwNTE4NzMzMjU3fQ.UlvElVQoKaUDyw3RE9lHaS9EoNisKT8mLJNK4DzhY7g,normal
2025-06-21T15:12:09.665Z,user063,/logout,Logout,AUTH,eyJhbGciOiJIUzI1NiIsInR5cCI6IkpXVCJ9.eyJ1c2VyX2lkIjoidXNlcjA2MyIsImlhdCI6MTc1MDUxODcyOTY1NywiZXhwIjoxNzUwNTE4NzMzMjU3fQ.UlvElVQoKaUDyw3RE9lHaS9EoNisKT8mLJNK4DzhY7g,normal
2025-06-21T15:12:09.781Z,user064,/login,Login,AUTH,eyJhbGciOiJIUzI1NiIsInR5cCI6IkpXVCJ9.eyJ1c2VyX2lkIjoidXNlcjA2NCIsImlhdCI6MTc1MDUxODcyOTc4MywiZXhwIjoxNzUwNTE4NzMzMzgzfQ.8fpuffqJiNEFsnLCYRR7N-T-DTFu1lGWTlfNX9eEMVI,normal
2025-06-21T15:12:09.785Z,user064,/browse,ViewPage,READ,eyJhbGciOiJIUzI1NiIsInR5cCI6IkpXVCJ9.eyJ1c2VyX2lkIjoidXNlcjA2NCIsImlhdCI6MTc1MDUxODcyOTc4MywiZXhwIjoxNzUwNTE4NzMzMzgzfQ.8fpuffqJiNEFsnLCYRR7N-T-DTFu1lGWTlfNX9eEMVI,normal
2025-06-21T15:12:09.788Z,user064,/edit,EditContent,UPDATE,eyJhbGciOiJIUzI1NiIsInR5cCI6IkpXVCJ9.eyJ1c2VyX2lkIjoidXNlcjA2NCIsImlhdCI6MTc1MDUxODcyOTc4MywiZXhwIjoxNzUwNTE4NzMzMzgzfQ.8fpuffqJiNEFsnLCYRR7N-T-DTFu1lGWTlfNX9eEMVI,normal
2025-06-21T15:12:09.791Z,user064,/logout,Logout,AUTH,eyJhbGciOiJIUzI1NiIsInR5cCI6IkpXVCJ9.eyJ1c2VyX2lkIjoidXNlcjA2NCIsImlhdCI6MTc1MDUxODcyOTc4MywiZXhwIjoxNzUwNTE4NzMzMzgzfQ.8fpuffqJiNEFsnLCYRR7N-T-DTFu1lGWTlfNX9eEMVI,normal
2025-06-21T15:12:09.907Z,user065,/login,Login,AUTH,eyJhbGciOiJIUzI1NiIsInR5cCI6IkpXVCJ9.eyJ1c2VyX2lkIjoidXNlcjA2NSIsImlhdCI6MTc1MDUxODcyOTkwOSwiZXhwIjoxNzUwNTE4NzMzNTA5fQ.QqhfOEqEPInUwmdsa-skgFjSSiwyJPX5UpC4ZyZS8_8,normal
2025-06-21T15:12:09.914Z,user065,/browse,ViewPage,READ,eyJhbGciOiJIUzI1NiIsInR5cCI6IkpXVCJ9.eyJ1c2VyX2lkIjoidXNlcjA2NSIsImlhdCI6MTc1MDUxODcyOTkwOSwiZXhwIjoxNzUwNTE4NzMzNTA5fQ.QqhfOEqEPInUwmdsa-skgFjSSiwyJPX5UpC4ZyZS8_8,normal
2025-06-21T15:12:09.919Z,user065,/edit,EditContent,UPDATE,eyJhbGciOiJIUzI1NiIsInR5cCI6IkpXVCJ9.eyJ1c2VyX2lkIjoidXNlcjA2NSIsImlhdCI6MTc1MDUxODcyOTkwOSwiZXhwIjoxNzUwNTE4NzMzNTA5fQ.QqhfOEqEPInUwmdsa-skgFjSSiwyJPX5UpC4ZyZS8_8,normal
2025-06-21T15:12:09.923Z,user065,/logout,Logout,AUTH,eyJhbGciOiJIUzI1NiIsInR5cCI6IkpXVCJ9.eyJ1c2VyX2lkIjoidXNlcjA2NSIsImlhdCI6MTc1MDUxODcyOTkwOSwiZXhwIjoxNzUwNTE4NzMzNTA5fQ.QqhfOEqEPInUwmdsa-skgFjSSiwyJPX5UpC4ZyZS8_8,normal
2025-06-21T15:12:10.034Z,user066,/login,Login,AUTH,eyJhbGciOiJIUzI1NiIsInR5cCI6IkpXVCJ9.eyJ1c2VyX2lkIjoidXNlcjA2NiIsImlhdCI6MTc1MDUxODczMDAzNiwiZXhwIjoxNzUwNTE4NzMzNjM2fQ.NgnlzCV_qrr9o2hv-R3MoQoWHexkpLMbxxm0DHNFTI0,normal
2025-06-21T15:12:10.039Z,user066,/browse,ViewPage,READ,eyJhbGciOiJIUzI1NiIsInR5cCI6IkpXVCJ9.eyJ1c2VyX2lkIjoidXNlcjA2NiIsImlhdCI6MTc1MDUxODczMDAzNiwiZXhwIjoxNzUwNTE4NzMzNjM2fQ.NgnlzCV_qrr9o2hv-R3MoQoWHexkpLMbxxm0DHNFTI0,normal
2025-06-21T15:12:10.042Z,user066,/edit,EditContent,UPDATE,eyJhbGciOiJIUzI1NiIsInR5cCI6IkpXVCJ9.eyJ1c2VyX2lkIjoidXNlcjA2NiIsImlhdCI6MTc1MDUxODczMDAzNiwiZXhwIjoxNzUwNTE4NzMzNjM2fQ.NgnlzCV_qrr9o2hv-R3MoQoWHexkpLMbxxm0DHNFTI0,normal
2025-06-21T15:12:10.046Z,user066,/logout,Logout,AUTH,eyJhbGciOiJIUzI1NiIsInR5cCI6IkpXVCJ9.eyJ1c2VyX2lkIjoidXNlcjA2NiIsImlhdCI6MTc1MDUxODczMDAzNiwiZXhwIjoxNzUwNTE4NzMzNjM2fQ.NgnlzCV_qrr9o2hv-R3MoQoWHexkpLMbxxm0DHNFTI0,normal
2025-06-21T15:12:10.159Z,user067,/login,Login,AUTH,eyJhbGciOiJIUzI1NiIsInR5cCI6IkpXVCJ9.eyJ1c2VyX2lkIjoidXNlcjA2NyIsImlhdCI6MTc1MDUxODczMDE2MCwiZXhwIjoxNzUwNTE4NzMzNzYwfQ.BSAhIQXiByO033iCh3s3P5PLIfpphbmUdzT62Pj1XqY,normal
2025-06-21T15:12:10.162Z,user067,/browse,ViewPage,READ,eyJhbGciOiJIUzI1NiIsInR5cCI6IkpXVCJ9.eyJ1c2VyX2lkIjoidXNlcjA2NyIsImlhdCI6MTc1MDUxODczMDE2MCwiZXhwIjoxNzUwNTE4NzMzNzYwfQ.BSAhIQXiByO033iCh3s3P5PLIfpphbmUdzT62Pj1XqY,normal
2025-06-21T15:12:10.165Z,user067,/edit,EditContent,UPDATE,eyJhbGciOiJIUzI1NiIsInR5cCI6IkpXVCJ9.eyJ1c2VyX2lkIjoidXNlcjA2NyIsImlhdCI6MTc1MDUxODczMDE2MCwiZXhwIjoxNzUwNTE4NzMzNzYwfQ.BSAhIQXiByO033iCh3s3P5PLIfpphbmUdzT62Pj1XqY,normal
2025-06-21T15:12:10.168Z,user067,/logout,Logout,AUTH,eyJhbGciOiJIUzI1NiIsInR5cCI6IkpXVCJ9.eyJ1c2VyX2lkIjoidXNlcjA2NyIsImlhdCI6MTc1MDUxODczMDE2MCwiZXhwIjoxNzUwNTE4NzMzNzYwfQ.BSAhIQXiByO033iCh3s3P5PLIfpphbmUdzT62Pj1XqY,normal
2025-06-21T15:12:10.284Z,user068,/login,Login,AUTH,eyJhbGciOiJIUzI1NiIsInR5cCI6IkpXVCJ9.eyJ1c2VyX2lkIjoidXNlcjA2OCIsImlhdCI6MTc1MDUxODczMDI4NiwiZXhwIjoxNzUwNTE4NzMzODg2fQ.j4k3qBLkktD6GV9rgLmZtkE1l0k_9xS2p9V0clfhZpE,normal
2025-06-21T15:12:10.290Z,user068,/browse,ViewPage,READ,eyJhbGciOiJIUzI1NiIsInR5cCI6IkpXVCJ9.eyJ1c2VyX2lkIjoidXNlcjA2OCIsImlhdCI6MTc1MDUxODczMDI4NiwiZXhwIjoxNzUwNTE4NzMzODg2fQ.j4k3qBLkktD6GV9rgLmZtkE1l0k_9xS2p9V0clfhZpE,normal
2025-06-21T15:12:10.295Z,user068,/edit,EditContent,UPDATE,eyJhbGciOiJIUzI1NiIsInR5cCI6IkpXVCJ9.eyJ1c2VyX2lkIjoidXNlcjA2OCIsImlhdCI6MTc1MDUxODczMDI4NiwiZXhwIjoxNzUwNTE4NzMzODg2fQ.j4k3qBLkktD6GV9rgLmZtkE1l0k_9xS2p9V0clfhZpE,normal
2025-06-21T15:12:10.301Z,user068,/logout,Logout,AUTH,eyJhbGciOiJIUzI1NiIsInR5cCI6IkpXVCJ9.eyJ1c2VyX2lkIjoidXNlcjA2OCIsImlhdCI6MTc1MDUxODczMDI4NiwiZXhwIjoxNzUwNTE4NzMzODg2fQ.j4k3qBLkktD6GV9rgLmZtkE1l0k_9xS2p9V0clfhZpE,normal
2025-06-21T15:12:10.412Z,user069,/login,Login,AUTH,eyJhbGciOiJIUzI1NiIsInR5cCI6IkpXVCJ9.eyJ1c2VyX2lkIjoidXNlcjA2OSIsImlhdCI6MTc1MDUxODczMDQxNSwiZXhwIjoxNzUwNTE4NzM0MDE1fQ.wjgOi6wIrCxAnmlbliMWM0kDBJ9076k15BzuwxK_xQs,normal
2025-06-21T15:12:10.417Z,user069,/browse,ViewPage,READ,eyJhbGciOiJIUzI1NiIsInR5cCI6IkpXVCJ9.eyJ1c2VyX2lkIjoidXNlcjA2OSIsImlhdCI6MTc1MDUxODczMDQxNSwiZXhwIjoxNzUwNTE4NzM0MDE1fQ.wjgOi6wIrCxAnmlbliMWM0kDBJ9076k15BzuwxK_xQs,normal
2025-06-21T15:12:10.420Z,user069,/edit,EditContent,UPDATE,eyJhbGciOiJIUzI1NiIsInR5cCI6IkpXVCJ9.eyJ1c2VyX2lkIjoidXNlcjA2OSIsImlhdCI6MTc1MDUxODczMDQxNSwiZXhwIjoxNzUwNTE4NzM0MDE1fQ.wjgOi6wIrCxAnmlbliMWM0kDBJ9076k15BzuwxK_xQs,normal
2025-06-21T15:12:10.422Z,user069,/logout,Logout,AUTH,eyJhbGciOiJIUzI1NiIsInR5cCI6IkpXVCJ9.eyJ1c2VyX2lkIjoidXNlcjA2OSIsImlhdCI6MTc1MDUxODczMDQxNSwiZXhwIjoxNzUwNTE4NzM0MDE1fQ.wjgOi6wIrCxAnmlbliMWM0kDBJ9076k15BzuwxK_xQs,normal
2025-06-21T15:12:10.525Z,user070,/login,Login,AUTH,eyJhbGciOiJIUzI1NiIsInR5cCI6IkpXVCJ9.eyJ1c2VyX2lkIjoidXNlcjA3MCIsImlhdCI6MTc1MDUxODczMDUyNiwiZXhwIjoxNzUwNTE4NzM0MTI2fQ.e7L5cUhxr5LRrsdiUtwvn8e9krtAugrXya36Xm_E10c,normal
2025-06-21T15:12:10.529Z,user070,/browse,ViewPage,READ,eyJhbGciOiJIUzI1NiIsInR5cCI6IkpXVCJ9.eyJ1c2VyX2lkIjoidXNlcjA3MCIsImlhdCI6MTc1MDUxODczMDUyNiwiZXhwIjoxNzUwNTE4NzM0MTI2fQ.e7L5cUhxr5LRrsdiUtwvn8e9krtAugrXya36Xm_E10c,normal
2025-06-21T15:12:10.532Z,user070,/edit,EditContent,UPDATE,eyJhbGciOiJIUzI1NiIsInR5cCI6IkpXVCJ9.eyJ1c2VyX2lkIjoidXNlcjA3MCIsImlhdCI6MTc1MDUxODczMDUyNiwiZXhwIjoxNzUwNTE4NzM0MTI2fQ.e7L5cUhxr5LRrsdiUtwvn8e9krtAugrXya36Xm_E10c,normal
2025-06-21T15:12:10.535Z,user070,/logout,Logout,AUTH,eyJhbGciOiJIUzI1NiIsInR5cCI6IkpXVCJ9.eyJ1c2VyX2lkIjoidXNlcjA3MCIsImlhdCI6MTc1MDUxODczMDUyNiwiZXhwIjoxNzUwNTE4NzM0MTI2fQ.e7L5cUhxr5LRrsdiUtwvn8e9krtAugrXya36Xm_E10c,normal
2025-06-21T15:12:10.649Z,user071,/login,Login,AUTH,eyJhbGciOiJIUzI1NiIsInR5cCI6IkpXVCJ9.eyJ1c2VyX2lkIjoidXNlcjA3MSIsImlhdCI6MTc1MDUxODczMDY1MSwiZXhwIjoxNzUwNTE4NzM0MjUxfQ.mqjvgI8DsAdIxJqctvA_EFttu3p9_EDf7RehrS93zRU,normal
2025-06-21T15:12:10.653Z,user071,/browse,ViewPage,READ,eyJhbGciOiJIUzI1NiIsInR5cCI6IkpXVCJ9.eyJ1c2VyX2lkIjoidXNlcjA3MSIsImlhdCI6MTc1MDUxODczMDY1MSwiZXhwIjoxNzUwNTE4NzM0MjUxfQ.mqjvgI8DsAdIxJqctvA_EFttu3p9_EDf7RehrS93zRU,normal
2025-06-21T15:12:10.656Z,user071,/edit,EditContent,UPDATE,eyJhbGciOiJIUzI1NiIsInR5cCI6IkpXVCJ9.eyJ1c2VyX2lkIjoidXNlcjA3MSIsImlhdCI6MTc1MDUxODczMDY1MSwiZXhwIjoxNzUwNTE4NzM0MjUxfQ.mqjvgI8DsAdIxJqctvA_EFttu3p9_EDf7RehrS93zRU,normal
2025-06-21T15:12:10.659Z,user071,/logout,Logout,AUTH,eyJhbGciOiJIUzI1NiIsInR5cCI6IkpXVCJ9.eyJ1c2VyX2lkIjoidXNlcjA3MSIsImlhdCI6MTc1MDUxODczMDY1MSwiZXhwIjoxNzUwNTE4NzM0MjUxfQ.mqjvgI8DsAdIxJqctvA_EFttu3p9_EDf7RehrS93zRU,normal
2025-06-21T15:12:10.775Z,user072,/login,Login,AUTH,eyJhbGciOiJIUzI1NiIsInR5cCI6IkpXVCJ9.eyJ1c2VyX2lkIjoidXNlcjA3MiIsImlhdCI6MTc1MDUxODczMDc3NywiZXhwIjoxNzUwNTE4NzM0Mzc3fQ.qHnJyj7kzOUJ8yXgRCfEQafR2MPTH-h5UQv5gyAjpmk,normal
2025-06-21T15:12:10.779Z,user072,/browse,ViewPage,READ,eyJhbGciOiJIUzI1NiIsInR5cCI6IkpXVCJ9.eyJ1c2VyX2lkIjoidXNlcjA3MiIsImlhdCI6MTc1MDUxODczMDc3NywiZXhwIjoxNzUwNTE4NzM0Mzc3fQ.qHnJyj7kzOUJ8yXgRCfEQafR2MPTH-h5UQv5gyAjpmk,normal
2025-06-21T15:12:10.782Z,user072,/edit,EditContent,UPDATE,eyJhbGciOiJIUzI1NiIsInR5cCI6IkpXVCJ9.eyJ1c2VyX2lkIjoidXNlcjA3MiIsImlhdCI6MTc1MDUxODczMDc3NywiZXhwIjoxNzUwNTE4NzM0Mzc3fQ.qHnJyj7kzOUJ8yXgRCfEQafR2MPTH-h5UQv5gyAjpmk,normal
2025-06-21T15:12:10.785Z,user072,/logout,Logout,AUTH,eyJhbGciOiJIUzI1NiIsInR5cCI6IkpXVCJ9.eyJ1c2VyX2lkIjoidXNlcjA3MiIsImlhdCI6MTc1MDUxODczMDc3NywiZXhwIjoxNzUwNTE4NzM0Mzc3fQ.qHnJyj7kzOUJ8yXgRCfEQafR2MPTH-h5UQv5gyAjpmk,normal
2025-06-21T15:12:10.888Z,user073,/login,Login,AUTH,eyJhbGciOiJIUzI1NiIsInR5cCI6IkpXVCJ9.eyJ1c2VyX2lkIjoidXNlcjA3MyIsImlhdCI6MTc1MDUxODczMDg4OSwiZXhwIjoxNzUwNTE4NzM0NDg5fQ.Ixderpwcx3PIMlmMt4-na0w-89v500oWeDu33b2eQLE,normal
2025-06-21T15:12:10.892Z,user073,/browse,ViewPage,READ,eyJhbGciOiJIUzI1NiIsInR5cCI6IkpXVCJ9.eyJ1c2VyX2lkIjoidXNlcjA3MyIsImlhdCI6MTc1MDUxODczMDg4OSwiZXhwIjoxNzUwNTE4NzM0NDg5fQ.Ixderpwcx3PIMlmMt4-na0w-89v500oWeDu33b2eQLE,normal
2025-06-21T15:12:10.895Z,user073,/edit,EditContent,UPDATE,eyJhbGciOiJIUzI1NiIsInR5cCI6IkpXVCJ9.eyJ1c2VyX2lkIjoidXNlcjA3MyIsImlhdCI6MTc1MDUxODczMDg4OSwiZXhwIjoxNzUwNTE4NzM0NDg5fQ.Ixderpwcx3PIMlmMt4-na0w-89v500oWeDu33b2eQLE,normal
2025-06-21T15:12:10.898Z,user073,/logout,Logout,AUTH,eyJhbGciOiJIUzI1NiIsInR5cCI6IkpXVCJ9.eyJ1c2VyX2lkIjoidXNlcjA3MyIsImlhdCI6MTc1MDUxODczMDg4OSwiZXhwIjoxNzUwNTE4NzM0NDg5fQ.Ixderpwcx3PIMlmMt4-na0w-89v500oWeDu33b2eQLE,normal
2025-06-21T15:12:11.013Z,user074,/login,Login,AUTH,eyJhbGciOiJIUzI1NiIsInR5cCI6IkpXVCJ9.eyJ1c2VyX2lkIjoidXNlcjA3NCIsImlhdCI6MTc1MDUxODczMTAxNSwiZXhwIjoxNzUwNTE4NzM0NjE1fQ.zhpB_mTBHwWhvOCQ7Nyk2-4HK232yGYpUMbtycGoNog,normal
2025-06-21T15:12:11.018Z,user074,/browse,ViewPage,READ,eyJhbGciOiJIUzI1NiIsInR5cCI6IkpXVCJ9.eyJ1c2VyX2lkIjoidXNlcjA3NCIsImlhdCI6MTc1MDUxODczMTAxNSwiZXhwIjoxNzUwNTE4NzM0NjE1fQ.zhpB_mTBHwWhvOCQ7Nyk2-4HK232yGYpUMbtycGoNog,normal
2025-06-21T15:12:11.021Z,user074,/edit,EditContent,UPDATE,eyJhbGciOiJIUzI1NiIsInR5cCI6IkpXVCJ9.eyJ1c2VyX2lkIjoidXNlcjA3NCIsImlhdCI6MTc1MDUxODczMTAxNSwiZXhwIjoxNzUwNTE4NzM0NjE1fQ.zhpB_mTBHwWhvOCQ7Nyk2-4HK232yGYpUMbtycGoNog,normal
2025-06-21T15:12:11.025Z,user074,/logout,Logout,AUTH,eyJhbGciOiJIUzI1NiIsInR5cCI6IkpXVCJ9.eyJ1c2VyX2lkIjoidXNlcjA3NCIsImlhdCI6MTc1MDUxODczMTAxNSwiZXhwIjoxNzUwNTE4NzM0NjE1fQ.zhpB_mTBHwWhvOCQ7Nyk2-4HK232yGYpUMbtycGoNog,normal
2025-06-21T15:12:11.144Z,user075,/login,Login,AUTH,eyJhbGciOiJIUzI1NiIsInR5cCI6IkpXVCJ9.eyJ1c2VyX2lkIjoidXNlcjA3NSIsImlhdCI6MTc1MDUxODczMTE1MSwiZXhwIjoxNzUwNTE4NzM0NzUxfQ.ooV1mdADLdV39OH0S28LADkdpxXvMFHnT7CCoQ9wErM,normal
2025-06-21T15:12:11.156Z,user075,/browse,ViewPage,READ,eyJhbGciOiJIUzI1NiIsInR5cCI6IkpXVCJ9.eyJ1c2VyX2lkIjoidXNlcjA3NSIsImlhdCI6MTc1MDUxODczMTE1MSwiZXhwIjoxNzUwNTE4NzM0NzUxfQ.ooV1mdADLdV39OH0S28LADkdpxXvMFHnT7CCoQ9wErM,normal
2025-06-21T15:12:11.160Z,user075,/edit,EditContent,UPDATE,eyJhbGciOiJIUzI1NiIsInR5cCI6IkpXVCJ9.eyJ1c2VyX2lkIjoidXNlcjA3NSIsImlhdCI6MTc1MDUxODczMTE1MSwiZXhwIjoxNzUwNTE4NzM0NzUxfQ.ooV1mdADLdV39OH0S28LADkdpxXvMFHnT7CCoQ9wErM,normal
2025-06-21T15:12:11.164Z,user075,/logout,Logout,AUTH,eyJhbGciOiJIUzI1NiIsInR5cCI6IkpXVCJ9.eyJ1c2VyX2lkIjoidXNlcjA3NSIsImlhdCI6MTc1MDUxODczMTE1MSwiZXhwIjoxNzUwNTE4NzM0NzUxfQ.ooV1mdADLdV39OH0S28LADkdpxXvMFHnT7CCoQ9wErM,normal
2025-06-21T15:12:11.282Z,user076,/login,Login,AUTH,eyJhbGciOiJIUzI1NiIsInR5cCI6IkpXVCJ9.eyJ1c2VyX2lkIjoidXNlcjA3NiIsImlhdCI6MTc1MDUxODczMTI4NCwiZXhwIjoxNzUwNTE4NzM0ODg0fQ.ccXu1d8QgG-NwcOZ-bUynZBklb7ixBcigAXDK95a0bE,normal
2025-06-21T15:12:11.286Z,user076,/browse,ViewPage,READ,eyJhbGciOiJIUzI1NiIsInR5cCI6IkpXVCJ9.eyJ1c2VyX2lkIjoidXNlcjA3NiIsImlhdCI6MTc1MDUxODczMTI4NCwiZXhwIjoxNzUwNTE4NzM0ODg0fQ.ccXu1d8QgG-NwcOZ-bUynZBklb7ixBcigAXDK95a0bE,normal
2025-06-21T15:12:11.289Z,user076,/edit,EditContent,UPDATE,eyJhbGciOiJIUzI1NiIsInR5cCI6IkpXVCJ9.eyJ1c2VyX2lkIjoidXNlcjA3NiIsImlhdCI6MTc1MDUxODczMTI4NCwiZXhwIjoxNzUwNTE4NzM0ODg0fQ.ccXu1d8QgG-NwcOZ-bUynZBklb7ixBcigAXDK95a0bE,normal
2025-06-21T15:12:11.292Z,user076,/logout,Logout,AUTH,eyJhbGciOiJIUzI1NiIsInR5cCI6IkpXVCJ9.eyJ1c2VyX2lkIjoidXNlcjA3NiIsImlhdCI6MTc1MDUxODczMTI4NCwiZXhwIjoxNzUwNTE4NzM0ODg0fQ.ccXu1d8QgG-NwcOZ-bUynZBklb7ixBcigAXDK95a0bE,normal
2025-06-21T15:12:11.407Z,user077,/login,Login,AUTH,eyJhbGciOiJIUzI1NiIsInR5cCI6IkpXVCJ9.eyJ1c2VyX2lkIjoidXNlcjA3NyIsImlhdCI6MTc1MDUxODczMTQwOSwiZXhwIjoxNzUwNTE4NzM1MDA5fQ.sS1-3pAEk7uGI6Ban2ONrj4Ee3RDqH1Xhb-U2CT9nmI,normal
2025-06-21T15:12:11.411Z,user077,/browse,ViewPage,READ,eyJhbGciOiJIUzI1NiIsInR5cCI6IkpXVCJ9.eyJ1c2VyX2lkIjoidXNlcjA3NyIsImlhdCI6MTc1MDUxODczMTQwOSwiZXhwIjoxNzUwNTE4NzM1MDA5fQ.sS1-3pAEk7uGI6Ban2ONrj4Ee3RDqH1Xhb-U2CT9nmI,normal
2025-06-21T15:12:11.414Z,user077,/edit,EditContent,UPDATE,eyJhbGciOiJIUzI1NiIsInR5cCI6IkpXVCJ9.eyJ1c2VyX2lkIjoidXNlcjA3NyIsImlhdCI6MTc1MDUxODczMTQwOSwiZXhwIjoxNzUwNTE4NzM1MDA5fQ.sS1-3pAEk7uGI6Ban2ONrj4Ee3RDqH1Xhb-U2CT9nmI,normal
2025-06-21T15:12:11.417Z,user077,/logout,Logout,AUTH,eyJhbGciOiJIUzI1NiIsInR5cCI6IkpXVCJ9.eyJ1c2VyX2lkIjoidXNlcjA3NyIsImlhdCI6MTc1MDUxODczMTQwOSwiZXhwIjoxNzUwNTE4NzM1MDA5fQ.sS1-3pAEk7uGI6Ban2ONrj4Ee3RDqH1Xhb-U2CT9nmI,normal
2025-06-21T15:12:11.531Z,user078,/login,Login,AUTH,eyJhbGciOiJIUzI1NiIsInR5cCI6IkpXVCJ9.eyJ1c2VyX2lkIjoidXNlcjA3OCIsImlhdCI6MTc1MDUxODczMTUzMywiZXhwIjoxNzUwNTE4NzM1MTMzfQ.mO1u-YcSpiaOI6CZp_caY4sY9jc-N8zm0LsQ6xSMI5M,normal
2025-06-21T15:12:11.535Z,user078,/browse,ViewPage,READ,eyJhbGciOiJIUzI1NiIsInR5cCI6IkpXVCJ9.eyJ1c2VyX2lkIjoidXNlcjA3OCIsImlhdCI6MTc1MDUxODczMTUzMywiZXhwIjoxNzUwNTE4NzM1MTMzfQ.mO1u-YcSpiaOI6CZp_caY4sY9jc-N8zm0LsQ6xSMI5M,normal
2025-06-21T15:12:11.538Z,user078,/edit,EditContent,UPDATE,eyJhbGciOiJIUzI1NiIsInR5cCI6IkpXVCJ9.eyJ1c2VyX2lkIjoidXNlcjA3OCIsImlhdCI6MTc1MDUxODczMTUzMywiZXhwIjoxNzUwNTE4NzM1MTMzfQ.mO1u-YcSpiaOI6CZp_caY4sY9jc-N8zm0LsQ6xSMI5M,normal
2025-06-21T15:12:11.541Z,user078,/logout,Logout,AUTH,eyJhbGciOiJIUzI1NiIsInR5cCI6IkpXVCJ9.eyJ1c2VyX2lkIjoidXNlcjA3OCIsImlhdCI6MTc1MDUxODczMTUzMywiZXhwIjoxNzUwNTE4NzM1MTMzfQ.mO1u-YcSpiaOI6CZp_caY4sY9jc-N8zm0LsQ6xSMI5M,normal
2025-06-21T15:12:11.657Z,user079,/login,Login,AUTH,eyJhbGciOiJIUzI1NiIsInR5cCI6IkpXVCJ9.eyJ1c2VyX2lkIjoidXNlcjA3OSIsImlhdCI6MTc1MDUxODczMTY1OSwiZXhwIjoxNzUwNTE4NzM1MjU5fQ.Wdw7L8WgQAKsRe1O2HdRJ_pVjQmrDdXGcjGI5YjH_IU,normal
2025-06-21T15:12:11.662Z,user079,/browse,ViewPage,READ,eyJhbGciOiJIUzI1NiIsInR5cCI6IkpXVCJ9.eyJ1c2VyX2lkIjoidXNlcjA3OSIsImlhdCI6MTc1MDUxODczMTY1OSwiZXhwIjoxNzUwNTE4NzM1MjU5fQ.Wdw7L8WgQAKsRe1O2HdRJ_pVjQmrDdXGcjGI5YjH_IU,normal
2025-06-21T15:12:11.665Z,user079,/edit,EditContent,UPDATE,eyJhbGciOiJIUzI1NiIsInR5cCI6IkpXVCJ9.eyJ1c2VyX2lkIjoidXNlcjA3OSIsImlhdCI6MTc1MDUxODczMTY1OSwiZXhwIjoxNzUwNTE4NzM1MjU5fQ.Wdw7L8WgQAKsRe1O2HdRJ_pVjQmrDdXGcjGI5YjH_IU,normal
2025-06-21T15:12:11.668Z,user079,/logout,Logout,AUTH,eyJhbGciOiJIUzI1NiIsInR5cCI6IkpXVCJ9.eyJ1c2VyX2lkIjoidXNlcjA3OSIsImlhdCI6MTc1MDUxODczMTY1OSwiZXhwIjoxNzUwNTE4NzM1MjU5fQ.Wdw7L8WgQAKsRe1O2HdRJ_pVjQmrDdXGcjGI5YjH_IU,normal
2025-06-21T15:12:11.784Z,user080,/login,Login,AUTH,eyJhbGciOiJIUzI1NiIsInR5cCI6IkpXVCJ9.eyJ1c2VyX2lkIjoidXNlcjA4MCIsImlhdCI6MTc1MDUxODczMTc4NiwiZXhwIjoxNzUwNTE4NzM1Mzg2fQ.1tVvNP9QH12sMB08SlF2mtd1bhGNE1xE-e8jcJoPd0M,normal
2025-06-21T15:12:11.788Z,user080,/browse,ViewPage,READ,eyJhbGciOiJIUzI1NiIsInR5cCI6IkpXVCJ9.eyJ1c2VyX2lkIjoidXNlcjA4MCIsImlhdCI6MTc1MDUxODczMTc4NiwiZXhwIjoxNzUwNTE4NzM1Mzg2fQ.1tVvNP9QH12sMB08SlF2mtd1bhGNE1xE-e8jcJoPd0M,normal
2025-06-21T15:12:11.792Z,user080,/edit,EditContent,UPDATE,eyJhbGciOiJIUzI1NiIsInR5cCI6IkpXVCJ9.eyJ1c2VyX2lkIjoidXNlcjA4MCIsImlhdCI6MTc1MDUxODczMTc4NiwiZXhwIjoxNzUwNTE4NzM1Mzg2fQ.1tVvNP9QH12sMB08SlF2mtd1bhGNE1xE-e8jcJoPd0M,normal
2025-06-21T15:12:11.795Z,user080,/logout,Logout,AUTH,eyJhbGciOiJIUzI1NiIsInR5cCI6IkpXVCJ9.eyJ1c2VyX2lkIjoidXNlcjA4MCIsImlhdCI6MTc1MDUxODczMTc4NiwiZXhwIjoxNzUwNTE4NzM1Mzg2fQ.1tVvNP9QH12sMB08SlF2mtd1bhGNE1xE-e8jcJoPd0M,normal
2025-06-21T15:12:11.910Z,user081,/login,Login,AUTH,eyJhbGciOiJIUzI1NiIsInR5cCI6IkpXVCJ9.eyJ1c2VyX2lkIjoidXNlcjA4MSIsImlhdCI6MTc1MDUxODczMTkxMSwiZXhwIjoxNzUwNTE4NzM1NTExfQ.jOGlpI9dwrFfqjStxe-PB4x63VWSIHnI64Dcbyhsn-k,normal
2025-06-21T15:12:11.914Z,user081,/browse,ViewPage,READ,eyJhbGciOiJIUzI1NiIsInR5cCI6IkpXVCJ9.eyJ1c2VyX2lkIjoidXNlcjA4MSIsImlhdCI6MTc1MDUxODczMTkxMSwiZXhwIjoxNzUwNTE4NzM1NTExfQ.jOGlpI9dwrFfqjStxe-PB4x63VWSIHnI64Dcbyhsn-k,normal
2025-06-21T15:12:11.917Z,user081,/edit,EditContent,UPDATE,eyJhbGciOiJIUzI1NiIsInR5cCI6IkpXVCJ9.eyJ1c2VyX2lkIjoidXNlcjA4MSIsImlhdCI6MTc1MDUxODczMTkxMSwiZXhwIjoxNzUwNTE4NzM1NTExfQ.jOGlpI9dwrFfqjStxe-PB4x63VWSIHnI64Dcbyhsn-k,normal
2025-06-21T15:12:11.920Z,user081,/logout,Logout,AUTH,eyJhbGciOiJIUzI1NiIsInR5cCI6IkpXVCJ9.eyJ1c2VyX2lkIjoidXNlcjA4MSIsImlhdCI6MTc1MDUxODczMTkxMSwiZXhwIjoxNzUwNTE4NzM1NTExfQ.jOGlpI9dwrFfqjStxe-PB4x63VWSIHnI64Dcbyhsn-k,normal
2025-06-21T15:12:12.036Z,user082,/login,Login,AUTH,eyJhbGciOiJIUzI1NiIsInR5cCI6IkpXVCJ9.eyJ1c2VyX2lkIjoidXNlcjA4MiIsImlhdCI6MTc1MDUxODczMjAzNywiZXhwIjoxNzUwNTE4NzM1NjM3fQ.XvTJo6h4NKdF9J2g2AakqYFLblz-J_AZNCY22HrDN00,normal
2025-06-21T15:12:12.040Z,user082,/browse,ViewPage,READ,eyJhbGciOiJIUzI1NiIsInR5cCI6IkpXVCJ9.eyJ1c2VyX2lkIjoidXNlcjA4MiIsImlhdCI6MTc1MDUxODczMjAzNywiZXhwIjoxNzUwNTE4NzM1NjM3fQ.XvTJo6h4NKdF9J2g2AakqYFLblz-J_AZNCY22HrDN00,normal
2025-06-21T15:12:12.043Z,user082,/edit,EditContent,UPDATE,eyJhbGciOiJIUzI1NiIsInR5cCI6IkpXVCJ9.eyJ1c2VyX2lkIjoidXNlcjA4MiIsImlhdCI6MTc1MDUxODczMjAzNywiZXhwIjoxNzUwNTE4NzM1NjM3fQ.XvTJo6h4NKdF9J2g2AakqYFLblz-J_AZNCY22HrDN00,normal
2025-06-21T15:12:12.046Z,user082,/logout,Logout,AUTH,eyJhbGciOiJIUzI1NiIsInR5cCI6IkpXVCJ9.eyJ1c2VyX2lkIjoidXNlcjA4MiIsImlhdCI6MTc1MDUxODczMjAzNywiZXhwIjoxNzUwNTE4NzM1NjM3fQ.XvTJo6h4NKdF9J2g2AakqYFLblz-J_AZNCY22HrDN00,normal
2025-06-21T15:12:12.163Z,user083,/login,Login,AUTH,eyJhbGciOiJIUzI1NiIsInR5cCI6IkpXVCJ9.eyJ1c2VyX2lkIjoidXNlcjA4MyIsImlhdCI6MTc1MDUxODczMjE2NCwiZXhwIjoxNzUwNTE4NzM1NzY0fQ.USvzrtg8x0cBypDKiyKNdfAWJclo7SshZBKVHznuyuw,normal
2025-06-21T15:12:12.166Z,user083,/browse,ViewPage,READ,eyJhbGciOiJIUzI1NiIsInR5cCI6IkpXVCJ9.eyJ1c2VyX2lkIjoidXNlcjA4MyIsImlhdCI6MTc1MDUxODczMjE2NCwiZXhwIjoxNzUwNTE4NzM1NzY0fQ.USvzrtg8x0cBypDKiyKNdfAWJclo7SshZBKVHznuyuw,normal
2025-06-21T15:12:12.169Z,user083,/edit,EditContent,UPDATE,eyJhbGciOiJIUzI1NiIsInR5cCI6IkpXVCJ9.eyJ1c2VyX2lkIjoidXNlcjA4MyIsImlhdCI6MTc1MDUxODczMjE2NCwiZXhwIjoxNzUwNTE4NzM1NzY0fQ.USvzrtg8x0cBypDKiyKNdfAWJclo7SshZBKVHznuyuw,normal
2025-06-21T15:12:12.172Z,user083,/logout,Logout,AUTH,eyJhbGciOiJIUzI1NiIsInR5cCI6IkpXVCJ9.eyJ1c2VyX2lkIjoidXNlcjA4MyIsImlhdCI6MTc1MDUxODczMjE2NCwiZXhwIjoxNzUwNTE4NzM1NzY0fQ.USvzrtg8x0cBypDKiyKNdfAWJclo7SshZBKVHznuyuw,normal
2025-06-21T15:12:12.288Z,user084,/login,Login,AUTH,eyJhbGciOiJIUzI1NiIsInR5cCI6IkpXVCJ9.eyJ1c2VyX2lkIjoidXNlcjA4NCIsImlhdCI6MTc1MDUxODczMjI4OSwiZXhwIjoxNzUwNTE4NzM1ODg5fQ.5O6t574NX_cCB4HNU8HpVL6937OWMdfPXyGhGSND7zk,normal
2025-06-21T15:12:12.291Z,user084,/browse,ViewPage,READ,eyJhbGciOiJIUzI1NiIsInR5cCI6IkpXVCJ9.eyJ1c2VyX2lkIjoidXNlcjA4NCIsImlhdCI6MTc1MDUxODczMjI4OSwiZXhwIjoxNzUwNTE4NzM1ODg5fQ.5O6t574NX_cCB4HNU8HpVL6937OWMdfPXyGhGSND7zk,normal
2025-06-21T15:12:12.294Z,user084,/edit,EditContent,UPDATE,eyJhbGciOiJIUzI1NiIsInR5cCI6IkpXVCJ9.eyJ1c2VyX2lkIjoidXNlcjA4NCIsImlhdCI6MTc1MDUxODczMjI4OSwiZXhwIjoxNzUwNTE4NzM1ODg5fQ.5O6t574NX_cCB4HNU8HpVL6937OWMdfPXyGhGSND7zk,normal
2025-06-21T15:12:12.297Z,user084,/logout,Logout,AUTH,eyJhbGciOiJIUzI1NiIsInR5cCI6IkpXVCJ9.eyJ1c2VyX2lkIjoidXNlcjA4NCIsImlhdCI6MTc1MDUxODczMjI4OSwiZXhwIjoxNzUwNTE4NzM1ODg5fQ.5O6t574NX_cCB4HNU8HpVL6937OWMdfPXyGhGSND7zk,normal
2025-06-21T15:12:12.414Z,user085,/login,Login,AUTH,eyJhbGciOiJIUzI1NiIsInR5cCI6IkpXVCJ9.eyJ1c2VyX2lkIjoidXNlcjA4NSIsImlhdCI6MTc1MDUxODczMjQxNiwiZXhwIjoxNzUwNTE4NzM2MDE2fQ.dVm7ELARI-9z9-X1T532qNJz1Fa8J81U6RDYH4Km8vM,normal
2025-06-21T15:12:12.418Z,user085,/browse,ViewPage,READ,eyJhbGciOiJIUzI1NiIsInR5cCI6IkpXVCJ9.eyJ1c2VyX2lkIjoidXNlcjA4NSIsImlhdCI6MTc1MDUxODczMjQxNiwiZXhwIjoxNzUwNTE4NzM2MDE2fQ.dVm7ELARI-9z9-X1T532qNJz1Fa8J81U6RDYH4Km8vM,normal
2025-06-21T15:12:12.421Z,user085,/edit,EditContent,UPDATE,eyJhbGciOiJIUzI1NiIsInR5cCI6IkpXVCJ9.eyJ1c2VyX2lkIjoidXNlcjA4NSIsImlhdCI6MTc1MDUxODczMjQxNiwiZXhwIjoxNzUwNTE4NzM2MDE2fQ.dVm7ELARI-9z9-X1T532qNJz1Fa8J81U6RDYH4Km8vM,normal
2025-06-21T15:12:12.424Z,user085,/logout,Logout,AUTH,eyJhbGciOiJIUzI1NiIsInR5cCI6IkpXVCJ9.eyJ1c2VyX2lkIjoidXNlcjA4NSIsImlhdCI6MTc1MDUxODczMjQxNiwiZXhwIjoxNzUwNTE4NzM2MDE2fQ.dVm7ELARI-9z9-X1T532qNJz1Fa8J81U6RDYH4Km8vM,normal
2025-06-21T15:12:12.540Z,user086,/login,Login,AUTH,eyJhbGciOiJIUzI1NiIsInR5cCI6IkpXVCJ9.eyJ1c2VyX2lkIjoidXNlcjA4NiIsImlhdCI6MTc1MDUxODczMjU0MSwiZXhwIjoxNzUwNTE4NzM2MTQxfQ.UUiPe2_ljRDD1vgO5sK-7uSwmdNs1uaPM6zikzBPoGI,normal
2025-06-21T15:12:12.544Z,user086,/browse,ViewPage,READ,eyJhbGciOiJIUzI1NiIsInR5cCI6IkpXVCJ9.eyJ1c2VyX2lkIjoidXNlcjA4NiIsImlhdCI6MTc1MDUxODczMjU0MSwiZXhwIjoxNzUwNTE4NzM2MTQxfQ.UUiPe2_ljRDD1vgO5sK-7uSwmdNs1uaPM6zikzBPoGI,normal
2025-06-21T15:12:12.547Z,user086,/edit,EditContent,UPDATE,eyJhbGciOiJIUzI1NiIsInR5cCI6IkpXVCJ9.eyJ1c2VyX2lkIjoidXNlcjA4NiIsImlhdCI6MTc1MDUxODczMjU0MSwiZXhwIjoxNzUwNTE4NzM2MTQxfQ.UUiPe2_ljRDD1vgO5sK-7uSwmdNs1uaPM6zikzBPoGI,normal
2025-06-21T15:12:12.550Z,user086,/logout,Logout,AUTH,eyJhbGciOiJIUzI1NiIsInR5cCI6IkpXVCJ9.eyJ1c2VyX2lkIjoidXNlcjA4NiIsImlhdCI6MTc1MDUxODczMjU0MSwiZXhwIjoxNzUwNTE4NzM2MTQxfQ.UUiPe2_ljRDD1vgO5sK-7uSwmdNs1uaPM6zikzBPoGI,normal
2025-06-21T15:12:12.665Z,user087,/login,Login,AUTH,eyJhbGciOiJIUzI1NiIsInR5cCI6IkpXVCJ9.eyJ1c2VyX2lkIjoidXNlcjA4NyIsImlhdCI6MTc1MDUxODczMjY2NywiZXhwIjoxNzUwNTE4NzM2MjY3fQ.dBDbCUz1PeaaL5xEaiqdf7CgZgcyix6-6UQ1k4JKvtI,normal
2025-06-21T15:12:12.669Z,user087,/browse,ViewPage,READ,eyJhbGciOiJIUzI1NiIsInR5cCI6IkpXVCJ9.eyJ1c2VyX2lkIjoidXNlcjA4NyIsImlhdCI6MTc1MDUxODczMjY2NywiZXhwIjoxNzUwNTE4NzM2MjY3fQ.dBDbCUz1PeaaL5xEaiqdf7CgZgcyix6-6UQ1k4JKvtI,normal
2025-06-21T15:12:12.672Z,user087,/edit,EditContent,UPDATE,eyJhbGciOiJIUzI1NiIsInR5cCI6IkpXVCJ9.eyJ1c2VyX2lkIjoidXNlcjA4NyIsImlhdCI6MTc1MDUxODczMjY2NywiZXhwIjoxNzUwNTE4NzM2MjY3fQ.dBDbCUz1PeaaL5xEaiqdf7CgZgcyix6-6UQ1k4JKvtI,normal
2025-06-21T15:12:12.675Z,user087,/logout,Logout,AUTH,eyJhbGciOiJIUzI1NiIsInR5cCI6IkpXVCJ9.eyJ1c2VyX2lkIjoidXNlcjA4NyIsImlhdCI6MTc1MDUxODczMjY2NywiZXhwIjoxNzUwNTE4NzM2MjY3fQ.dBDbCUz1PeaaL5xEaiqdf7CgZgcyix6-6UQ1k4JKvtI,normal
2025-06-21T15:12:12.791Z,user088,/login,Login,AUTH,eyJhbGciOiJIUzI1NiIsInR5cCI6IkpXVCJ9.eyJ1c2VyX2lkIjoidXNlcjA4OCIsImlhdCI6MTc1MDUxODczMjc5MywiZXhwIjoxNzUwNTE4NzM2MzkzfQ.vQzWCWUaEC3RbqsCcAwj-CMlQNQCwI7XlJK0bjayl1o,normal
2025-06-21T15:12:12.795Z,user088,/browse,ViewPage,READ,eyJhbGciOiJIUzI1NiIsInR5cCI6IkpXVCJ9.eyJ1c2VyX2lkIjoidXNlcjA4OCIsImlhdCI6MTc1MDUxODczMjc5MywiZXhwIjoxNzUwNTE4NzM2MzkzfQ.vQzWCWUaEC3RbqsCcAwj-CMlQNQCwI7XlJK0bjayl1o,normal
2025-06-21T15:12:12.798Z,user088,/edit,EditContent,UPDATE,eyJhbGciOiJIUzI1NiIsInR5cCI6IkpXVCJ9.eyJ1c2VyX2lkIjoidXNlcjA4OCIsImlhdCI6MTc1MDUxODczMjc5MywiZXhwIjoxNzUwNTE4NzM2MzkzfQ.vQzWCWUaEC3RbqsCcAwj-CMlQNQCwI7XlJK0bjayl1o,normal
2025-06-21T15:12:12.801Z,user088,/logout,Logout,AUTH,eyJhbGciOiJIUzI1NiIsInR5cCI6IkpXVCJ9.eyJ1c2VyX2lkIjoidXNlcjA4OCIsImlhdCI6MTc1MDUxODczMjc5MywiZXhwIjoxNzUwNTE4NzM2MzkzfQ.vQzWCWUaEC3RbqsCcAwj-CMlQNQCwI7XlJK0bjayl1o,normal
2025-06-21T15:12:12.917Z,user089,/login,Login,AUTH,eyJhbGciOiJIUzI1NiIsInR5cCI6IkpXVCJ9.eyJ1c2VyX2lkIjoidXNlcjA4OSIsImlhdCI6MTc1MDUxODczMjkxOSwiZXhwIjoxNzUwNTE4NzM2NTE5fQ.Xg6of5KoUIpPFbx6U1_R_KYMof859oyotxl7NyHW928,normal
2025-06-21T15:12:12.921Z,user089,/browse,ViewPage,READ,eyJhbGciOiJIUzI1NiIsInR5cCI6IkpXVCJ9.eyJ1c2VyX2lkIjoidXNlcjA4OSIsImlhdCI6MTc1MDUxODczMjkxOSwiZXhwIjoxNzUwNTE4NzM2NTE5fQ.Xg6of5KoUIpPFbx6U1_R_KYMof859oyotxl7NyHW928,normal
2025-06-21T15:12:12.925Z,user089,/edit,EditContent,UPDATE,eyJhbGciOiJIUzI1NiIsInR5cCI6IkpXVCJ9.eyJ1c2VyX2lkIjoidXNlcjA4OSIsImlhdCI6MTc1MDUxODczMjkxOSwiZXhwIjoxNzUwNTE4NzM2NTE5fQ.Xg6of5KoUIpPFbx6U1_R_KYMof859oyotxl7NyHW928,normal
2025-06-21T15:12:12.928Z,user089,/logout,Logout,AUTH,eyJhbGciOiJIUzI1NiIsInR5cCI6IkpXVCJ9.eyJ1c2VyX2lkIjoidXNlcjA4OSIsImlhdCI6MTc1MDUxODczMjkxOSwiZXhwIjoxNzUwNTE4NzM2NTE5fQ.Xg6of5KoUIpPFbx6U1_R_KYMof859oyotxl7NyHW928,normal
2025-06-21T15:12:13.043Z,user090,/login,Login,AUTH,eyJhbGciOiJIUzI1NiIsInR5cCI6IkpXVCJ9.eyJ1c2VyX2lkIjoidXNlcjA5MCIsImlhdCI6MTc1MDUxODczMzA0NSwiZXhwIjoxNzUwNTE4NzM2NjQ1fQ.bi8JD8ukgWBEtqdNgvCIYEdaWi3nJpZKkU9wrH2jVQs,normal
2025-06-21T15:12:13.048Z,user090,/browse,ViewPage,READ,eyJhbGciOiJIUzI1NiIsInR5cCI6IkpXVCJ9.eyJ1c2VyX2lkIjoidXNlcjA5MCIsImlhdCI6MTc1MDUxODczMzA0NSwiZXhwIjoxNzUwNTE4NzM2NjQ1fQ.bi8JD8ukgWBEtqdNgvCIYEdaWi3nJpZKkU9wrH2jVQs,normal
2025-06-21T15:12:13.051Z,user090,/edit,EditContent,UPDATE,eyJhbGciOiJIUzI1NiIsInR5cCI6IkpXVCJ9.eyJ1c2VyX2lkIjoidXNlcjA5MCIsImlhdCI6MTc1MDUxODczMzA0NSwiZXhwIjoxNzUwNTE4NzM2NjQ1fQ.bi8JD8ukgWBEtqdNgvCIYEdaWi3nJpZKkU9wrH2jVQs,normal
2025-06-21T15:12:13.055Z,user090,/logout,Logout,AUTH,eyJhbGciOiJIUzI1NiIsInR5cCI6IkpXVCJ9.eyJ1c2VyX2lkIjoidXNlcjA5MCIsImlhdCI6MTc1MDUxODczMzA0NSwiZXhwIjoxNzUwNTE4NzM2NjQ1fQ.bi8JD8ukgWBEtqdNgvCIYEdaWi3nJpZKkU9wrH2jVQs,normal
2025-06-21T15:12:13.169Z,user091,/login,Login,AUTH,eyJhbGciOiJIUzI1NiIsInR5cCI6IkpXVCJ9.eyJ1c2VyX2lkIjoidXNlcjA5MSIsImlhdCI6MTc1MDUxODczMzE3MSwiZXhwIjoxNzUwNTE4NzM2NzcxfQ.Mha-25EEbWJObkx8WW9WtSxchn75rcUQDeHkDwbsi4w,normal
2025-06-21T15:12:13.174Z,user091,/browse,ViewPage,READ,eyJhbGciOiJIUzI1NiIsInR5cCI6IkpXVCJ9.eyJ1c2VyX2lkIjoidXNlcjA5MSIsImlhdCI6MTc1MDUxODczMzE3MSwiZXhwIjoxNzUwNTE4NzM2NzcxfQ.Mha-25EEbWJObkx8WW9WtSxchn75rcUQDeHkDwbsi4w,normal
2025-06-21T15:12:13.177Z,user091,/edit,EditContent,UPDATE,eyJhbGciOiJIUzI1NiIsInR5cCI6IkpXVCJ9.eyJ1c2VyX2lkIjoidXNlcjA5MSIsImlhdCI6MTc1MDUxODczMzE3MSwiZXhwIjoxNzUwNTE4NzM2NzcxfQ.Mha-25EEbWJObkx8WW9WtSxchn75rcUQDeHkDwbsi4w,normal
2025-06-21T15:12:13.180Z,user091,/logout,Logout,AUTH,eyJhbGciOiJIUzI1NiIsInR5cCI6IkpXVCJ9.eyJ1c2VyX2lkIjoidXNlcjA5MSIsImlhdCI6MTc1MDUxODczMzE3MSwiZXhwIjoxNzUwNTE4NzM2NzcxfQ.Mha-25EEbWJObkx8WW9WtSxchn75rcUQDeHkDwbsi4w,normal
2025-06-21T15:12:13.296Z,user092,/login,Login,AUTH,eyJhbGciOiJIUzI1NiIsInR5cCI6IkpXVCJ9.eyJ1c2VyX2lkIjoidXNlcjA5MiIsImlhdCI6MTc1MDUxODczMzI5NywiZXhwIjoxNzUwNTE4NzM2ODk3fQ.9ogBpt6e93QRElSrZr-jcES6KsZnduUBvK40oQSJtG4,normal
2025-06-21T15:12:13.300Z,user092,/browse,ViewPage,READ,eyJhbGciOiJIUzI1NiIsInR5cCI6IkpXVCJ9.eyJ1c2VyX2lkIjoidXNlcjA5MiIsImlhdCI6MTc1MDUxODczMzI5NywiZXhwIjoxNzUwNTE4NzM2ODk3fQ.9ogBpt6e93QRElSrZr-jcES6KsZnduUBvK40oQSJtG4,normal
2025-06-21T15:12:13.304Z,user092,/edit,EditContent,UPDATE,eyJhbGciOiJIUzI1NiIsInR5cCI6IkpXVCJ9.eyJ1c2VyX2lkIjoidXNlcjA5MiIsImlhdCI6MTc1MDUxODczMzI5NywiZXhwIjoxNzUwNTE4NzM2ODk3fQ.9ogBpt6e93QRElSrZr-jcES6KsZnduUBvK40oQSJtG4,normal
2025-06-21T15:12:13.307Z,user092,/logout,Logout,AUTH,eyJhbGciOiJIUzI1NiIsInR5cCI6IkpXVCJ9.eyJ1c2VyX2lkIjoidXNlcjA5MiIsImlhdCI6MTc1MDUxODczMzI5NywiZXhwIjoxNzUwNTE4NzM2ODk3fQ.9ogBpt6e93QRElSrZr-jcES6KsZnduUBvK40oQSJtG4,normal
2025-06-21T15:12:13.423Z,user093,/login,Login,AUTH,eyJhbGciOiJIUzI1NiIsInR5cCI6IkpXVCJ9.eyJ1c2VyX2lkIjoidXNlcjA5MyIsImlhdCI6MTc1MDUxODczMzQzMywiZXhwIjoxNzUwNTE4NzM3MDMzfQ.OUWqF_e69yUqaV5WRQTw7K9StDtn9n6GsFd7xiKSsHI,normal
2025-06-21T15:12:13.436Z,user093,/browse,ViewPage,READ,eyJhbGciOiJIUzI1NiIsInR5cCI6IkpXVCJ9.eyJ1c2VyX2lkIjoidXNlcjA5MyIsImlhdCI6MTc1MDUxODczMzQzMywiZXhwIjoxNzUwNTE4NzM3MDMzfQ.OUWqF_e69yUqaV5WRQTw7K9StDtn9n6GsFd7xiKSsHI,normal
2025-06-21T15:12:13.440Z,user093,/edit,EditContent,UPDATE,eyJhbGciOiJIUzI1NiIsInR5cCI6IkpXVCJ9.eyJ1c2VyX2lkIjoidXNlcjA5MyIsImlhdCI6MTc1MDUxODczMzQzMywiZXhwIjoxNzUwNTE4NzM3MDMzfQ.OUWqF_e69yUqaV5WRQTw7K9StDtn9n6GsFd7xiKSsHI,normal
2025-06-21T15:12:13.444Z,user093,/logout,Logout,AUTH,eyJhbGciOiJIUzI1NiIsInR5cCI6IkpXVCJ9.eyJ1c2VyX2lkIjoidXNlcjA5MyIsImlhdCI6MTc1MDUxODczMzQzMywiZXhwIjoxNzUwNTE4NzM3MDMzfQ.OUWqF_e69yUqaV5WRQTw7K9StDtn9n6GsFd7xiKSsHI,normal
2025-06-21T15:12:13.564Z,user094,/login,Login,AUTH,eyJhbGciOiJIUzI1NiIsInR5cCI6IkpXVCJ9.eyJ1c2VyX2lkIjoidXNlcjA5NCIsImlhdCI6MTc1MDUxODczMzU2NSwiZXhwIjoxNzUwNTE4NzM3MTY1fQ.S4gj_5vxlffP-IyPteEUeKu8caNiTPka8nYndiCTz5g,normal
2025-06-21T15:12:13.568Z,user094,/browse,ViewPage,READ,eyJhbGciOiJIUzI1NiIsInR5cCI6IkpXVCJ9.eyJ1c2VyX2lkIjoidXNlcjA5NCIsImlhdCI6MTc1MDUxODczMzU2NSwiZXhwIjoxNzUwNTE4NzM3MTY1fQ.S4gj_5vxlffP-IyPteEUeKu8caNiTPka8nYndiCTz5g,normal
2025-06-21T15:12:13.571Z,user094,/edit,EditContent,UPDATE,eyJhbGciOiJIUzI1NiIsInR5cCI6IkpXVCJ9.eyJ1c2VyX2lkIjoidXNlcjA5NCIsImlhdCI6MTc1MDUxODczMzU2NSwiZXhwIjoxNzUwNTE4NzM3MTY1fQ.S4gj_5vxlffP-IyPteEUeKu8caNiTPka8nYndiCTz5g,normal
2025-06-21T15:12:13.574Z,user094,/logout,Logout,AUTH,eyJhbGciOiJIUzI1NiIsInR5cCI6IkpXVCJ9.eyJ1c2VyX2lkIjoidXNlcjA5NCIsImlhdCI6MTc1MDUxODczMzU2NSwiZXhwIjoxNzUwNTE4NzM3MTY1fQ.S4gj_5vxlffP-IyPteEUeKu8caNiTPka8nYndiCTz5g,normal
2025-06-21T15:12:13.688Z,user095,/login,Login,AUTH,eyJhbGciOiJIUzI1NiIsInR5cCI6IkpXVCJ9.eyJ1c2VyX2lkIjoidXNlcjA5NSIsImlhdCI6MTc1MDUxODczMzY5MCwiZXhwIjoxNzUwNTE4NzM3MjkwfQ.aNgXpwoku4C4VzBSqWQRzbmQv_RJPiyPK5HiMSJh8PI,normal
2025-06-21T15:12:13.692Z,user095,/browse,ViewPage,READ,eyJhbGciOiJIUzI1NiIsInR5cCI6IkpXVCJ9.eyJ1c2VyX2lkIjoidXNlcjA5NSIsImlhdCI6MTc1MDUxODczMzY5MCwiZXhwIjoxNzUwNTE4NzM3MjkwfQ.aNgXpwoku4C4VzBSqWQRzbmQv_RJPiyPK5HiMSJh8PI,normal
2025-06-21T15:12:13.695Z,user095,/edit,EditContent,UPDATE,eyJhbGciOiJIUzI1NiIsInR5cCI6IkpXVCJ9.eyJ1c2VyX2lkIjoidXNlcjA5NSIsImlhdCI6MTc1MDUxODczMzY5MCwiZXhwIjoxNzUwNTE4NzM3MjkwfQ.aNgXpwoku4C4VzBSqWQRzbmQv_RJPiyPK5HiMSJh8PI,normal
2025-06-21T15:12:13.698Z,user095,/logout,Logout,AUTH,eyJhbGciOiJIUzI1NiIsInR5cCI6IkpXVCJ9.eyJ1c2VyX2lkIjoidXNlcjA5NSIsImlhdCI6MTc1MDUxODczMzY5MCwiZXhwIjoxNzUwNTE4NzM3MjkwfQ.aNgXpwoku4C4VzBSqWQRzbmQv_RJPiyPK5HiMSJh8PI,normal
2025-06-21T15:12:13.814Z,user096,/login,Login,AUTH,eyJhbGciOiJIUzI1NiIsInR5cCI6IkpXVCJ9.eyJ1c2VyX2lkIjoidXNlcjA5NiIsImlhdCI6MTc1MDUxODczMzgxNiwiZXhwIjoxNzUwNTE4NzM3NDE2fQ.yDrYtNHG_jVFH07NLaq3dSxTQR1o12yEMxRTsTa96L4,normal
2025-06-21T15:12:13.818Z,user096,/browse,ViewPage,READ,eyJhbGciOiJIUzI1NiIsInR5cCI6IkpXVCJ9.eyJ1c2VyX2lkIjoidXNlcjA5NiIsImlhdCI6MTc1MDUxODczMzgxNiwiZXhwIjoxNzUwNTE4NzM3NDE2fQ.yDrYtNHG_jVFH07NLaq3dSxTQR1o12yEMxRTsTa96L4,normal
2025-06-21T15:12:13.821Z,user096,/edit,EditContent,UPDATE,eyJhbGciOiJIUzI1NiIsInR5cCI6IkpXVCJ9.eyJ1c2VyX2lkIjoidXNlcjA5NiIsImlhdCI6MTc1MDUxODczMzgxNiwiZXhwIjoxNzUwNTE4NzM3NDE2fQ.yDrYtNHG_jVFH07NLaq3dSxTQR1o12yEMxRTsTa96L4,normal
2025-06-21T15:12:13.824Z,user096,/logout,Logout,AUTH,eyJhbGciOiJIUzI1NiIsInR5cCI6IkpXVCJ9.eyJ1c2VyX2lkIjoidXNlcjA5NiIsImlhdCI6MTc1MDUxODczMzgxNiwiZXhwIjoxNzUwNTE4NzM3NDE2fQ.yDrYtNHG_jVFH07NLaq3dSxTQR1o12yEMxRTsTa96L4,normal
2025-06-21T15:12:13.940Z,user097,/login,Login,AUTH,eyJhbGciOiJIUzI1NiIsInR5cCI6IkpXVCJ9.eyJ1c2VyX2lkIjoidXNlcjA5NyIsImlhdCI6MTc1MDUxODczMzk0MywiZXhwIjoxNzUwNTE4NzM3NTQzfQ.dCWf1qtyWkyOh2N72M4zT4ZQZnudarmogTi273XT6Hk,normal
2025-06-21T15:12:13.945Z,user097,/browse,ViewPage,READ,eyJhbGciOiJIUzI1NiIsInR5cCI6IkpXVCJ9.eyJ1c2VyX2lkIjoidXNlcjA5NyIsImlhdCI6MTc1MDUxODczMzk0MywiZXhwIjoxNzUwNTE4NzM3NTQzfQ.dCWf1qtyWkyOh2N72M4zT4ZQZnudarmogTi273XT6Hk,normal
2025-06-21T15:12:13.948Z,user097,/edit,EditContent,UPDATE,eyJhbGciOiJIUzI1NiIsInR5cCI6IkpXVCJ9.eyJ1c2VyX2lkIjoidXNlcjA5NyIsImlhdCI6MTc1MDUxODczMzk0MywiZXhwIjoxNzUwNTE4NzM3NTQzfQ.dCWf1qtyWkyOh2N72M4zT4ZQZnudarmogTi273XT6Hk,normal
2025-06-21T15:12:13.951Z,user097,/logout,Logout,AUTH,eyJhbGciOiJIUzI1NiIsInR5cCI6IkpXVCJ9.eyJ1c2VyX2lkIjoidXNlcjA5NyIsImlhdCI6MTc1MDUxODczMzk0MywiZXhwIjoxNzUwNTE4NzM3NTQzfQ.dCWf1qtyWkyOh2N72M4zT4ZQZnudarmogTi273XT6Hk,normal
2025-06-21T15:12:14.066Z,user098,/login,Login,AUTH,eyJhbGciOiJIUzI1NiIsInR5cCI6IkpXVCJ9.eyJ1c2VyX2lkIjoidXNlcjA5OCIsImlhdCI6MTc1MDUxODczNDA2OCwiZXhwIjoxNzUwNTE4NzM3NjY4fQ.2kpoQYlpoWaGcNA2xgixXLxhkpwe0xBhTyHTlA69nSg,normal
2025-06-21T15:12:14.071Z,user098,/browse,ViewPage,READ,eyJhbGciOiJIUzI1NiIsInR5cCI6IkpXVCJ9.eyJ1c2VyX2lkIjoidXNlcjA5OCIsImlhdCI6MTc1MDUxODczNDA2OCwiZXhwIjoxNzUwNTE4NzM3NjY4fQ.2kpoQYlpoWaGcNA2xgixXLxhkpwe0xBhTyHTlA69nSg,normal
2025-06-21T15:12:14.075Z,user098,/edit,EditContent,UPDATE,eyJhbGciOiJIUzI1NiIsInR5cCI6IkpXVCJ9.eyJ1c2VyX2lkIjoidXNlcjA5OCIsImlhdCI6MTc1MDUxODczNDA2OCwiZXhwIjoxNzUwNTE4NzM3NjY4fQ.2kpoQYlpoWaGcNA2xgixXLxhkpwe0xBhTyHTlA69nSg,normal
2025-06-21T15:12:14.078Z,user098,/logout,Logout,AUTH,eyJhbGciOiJIUzI1NiIsInR5cCI6IkpXVCJ9.eyJ1c2VyX2lkIjoidXNlcjA5OCIsImlhdCI6MTc1MDUxODczNDA2OCwiZXhwIjoxNzUwNTE4NzM3NjY4fQ.2kpoQYlpoWaGcNA2xgixXLxhkpwe0xBhTyHTlA69nSg,normal
2025-06-21T15:12:14.192Z,user099,/login,Login,AUTH,eyJhbGciOiJIUzI1NiIsInR5cCI6IkpXVCJ9.eyJ1c2VyX2lkIjoidXNlcjA5OSIsImlhdCI6MTc1MDUxODczNDE5NCwiZXhwIjoxNzUwNTE4NzM3Nzk0fQ.OC3xwjIFaOWXs9-PYvE_c70Z1VCMDB5ZC_PMP0vqf6Y,normal
2025-06-21T15:12:14.196Z,user099,/browse,ViewPage,READ,eyJhbGciOiJIUzI1NiIsInR5cCI6IkpXVCJ9.eyJ1c2VyX2lkIjoidXNlcjA5OSIsImlhdCI6MTc1MDUxODczNDE5NCwiZXhwIjoxNzUwNTE4NzM3Nzk0fQ.OC3xwjIFaOWXs9-PYvE_c70Z1VCMDB5ZC_PMP0vqf6Y,normal
2025-06-21T15:12:14.199Z,user099,/edit,EditContent,UPDATE,eyJhbGciOiJIUzI1NiIsInR5cCI6IkpXVCJ9.eyJ1c2VyX2lkIjoidXNlcjA5OSIsImlhdCI6MTc1MDUxODczNDE5NCwiZXhwIjoxNzUwNTE4NzM3Nzk0fQ.OC3xwjIFaOWXs9-PYvE_c70Z1VCMDB5ZC_PMP0vqf6Y,normal
2025-06-21T15:12:14.202Z,user099,/logout,Logout,AUTH,eyJhbGciOiJIUzI1NiIsInR5cCI6IkpXVCJ9.eyJ1c2VyX2lkIjoidXNlcjA5OSIsImlhdCI6MTc1MDUxODczNDE5NCwiZXhwIjoxNzUwNTE4NzM3Nzk0fQ.OC3xwjIFaOWXs9-PYvE_c70Z1VCMDB5ZC_PMP0vqf6Y,normal
2025-06-21T15:12:14.320Z,user100,/login,Login,AUTH,eyJhbGciOiJIUzI1NiIsInR5cCI6IkpXVCJ9.eyJ1c2VyX2lkIjoidXNlcjEwMCIsImlhdCI6MTc1MDUxODczNDMyMSwiZXhwIjoxNzUwNTE4NzM3OTIxfQ.5Ca9enDmuGuUkLBBwX0Vuzr2ULgN7JqB2z8z4BW7fKM,normal
2025-06-21T15:12:14.323Z,user100,/browse,ViewPage,READ,eyJhbGciOiJIUzI1NiIsInR5cCI6IkpXVCJ9.eyJ1c2VyX2lkIjoidXNlcjEwMCIsImlhdCI6MTc1MDUxODczNDMyMSwiZXhwIjoxNzUwNTE4NzM3OTIxfQ.5Ca9enDmuGuUkLBBwX0Vuzr2ULgN7JqB2z8z4BW7fKM,normal
2025-06-21T15:12:14.326Z,user100,/edit,EditContent,UPDATE,eyJhbGciOiJIUzI1NiIsInR5cCI6IkpXVCJ9.eyJ1c2VyX2lkIjoidXNlcjEwMCIsImlhdCI6MTc1MDUxODczNDMyMSwiZXhwIjoxNzUwNTE4NzM3OTIxfQ.5Ca9enDmuGuUkLBBwX0Vuzr2ULgN7JqB2z8z4BW7fKM,normal
2025-06-21T15:12:14.329Z,user100,/logout,Logout,AUTH,eyJhbGciOiJIUzI1NiIsInR5cCI6IkpXVCJ9.eyJ1c2VyX2lkIjoidXNlcjEwMCIsImlhdCI6MTc1MDUxODczNDMyMSwiZXhwIjoxNzUwNTE4NzM3OTIxfQ.5Ca9enDmuGuUkLBBwX0Vuzr2ULgN7JqB2z8z4BW7fKM,normal
